Year,Month,Date,ISO,ISO_Name,Region,Demand_MWh,Total_Generation_MWh,Generation_Coal_MWh,Generation_Natural_Gas_MWh,Generation_Nuclear_MWh,Generation_Wind_MWh,Generation_Solar_MWh,Generation_Hydro_MWh,Generation_Biomass_MWh,Generation_Other_MWh,Mix_Coal_%,Mix_Natural_Gas_%,Mix_Nuclear_%,Mix_Wind_%,Mix_Solar_%,Mix_Hydro_%,Mix_Biomass_%,Mix_Other_%
2016,1,2016-01-01,CAISO,California ISO,Western,54711899.08,53345922.88,17066583.92,14754185.79,5880081.94,4714210.82,1221464.67,8075797.4,1139557.44,494040.91,31.99,27.66,11.02,8.84,2.29,15.14,2.14,0.93
2016,1,2016-01-01,ERCOT,ERCOT (Texas),South,77565154.45,72913165.49,28122804.05,18755682.84,10260480.16,11035440.52,870546.8,1535337.4,1636163.11,696710.61,38.57,25.72,14.07,15.14,1.19,2.11,2.24,0.96
2016,1,2016-01-01,MISO,Midcontinent ISO,Midwest,176735413.17,161009403.39,63335650.97,38583153.74,23571746.47,13194126.33,1723423.1,15028839.06,3544818.68,2027645.04,39.34,23.96,14.64,8.19,1.07,9.33,2.2,1.26
2016,1,2016-01-01,PJM,Pennsylvania-Jersey-Maryland,Northeast,171751533.64,193596449.03,54101973.46,46171097.98,54791135.03,15290252.06,1836115.92,16367053.71,3570781.09,1468039.77,27.95,23.85,28.3,7.9,0.95,8.45,1.84,0.76
2016,1,2016-01-01,SPP,Southwest Power Pool,South-Central,133039248.48,121523603.02,49919472.2,29369290.97,15192646.21,18205056.55,2391193.22,2268232.47,2896859.04,1280852.36,41.08,24.17,12.5,14.98,1.97,1.87,2.38,1.05
2016,1,2016-01-01,WECC,Western Electricity Coordinating Council,Western,179280760.54,182391891.13,65134926.78,48912204.94,20728429.86,12962060.35,3231407.31,26313101.08,3495529.69,1614231.14,35.71,26.82,11.36,7.11,1.77,14.43,1.92,0.89
2016,1,2016-01-01,NY_ISO,New York ISO,Northeast,34070718.46,36561583.71,12723499.57,8914302.22,4699508.15,2544917.85,381537.48,6235637.49,712440.73,349740.22,34.8,24.38,12.85,6.96,1.04,17.06,1.95,0.96
2016,1,2016-01-01,ISO_NE,ISO New England,Northeast,30909011.34,33460932.0,10064992.49,6908848.09,9968157.26,2533868.48,311539.76,2715317.18,649500.82,308707.93,30.08,20.65,29.79,7.57,0.93,8.11,1.94,0.92
2016,2,2016-02-01,CAISO,California ISO,Western,39163621.33,42219043.55,15220564.52,10708714.93,4447098.19,3521653.25,697596.65,6483870.79,726366.87,413178.35,36.05,25.36,10.53,8.34,1.65,15.36,1.72,0.98
2016,2,2016-02-01,ERCOT,ERCOT (Texas),South,50006979.06,45774521.48,16894080.8,12992315.53,6397862.8,6488682.0,561997.34,866671.09,1004394.38,568517.54,36.91,28.38,13.98,14.18,1.23,1.89,2.19,1.24
2016,2,2016-02-01,MISO,Midcontinent ISO,Midwest,121602169.57,109023072.4,40802964.3,30668235.39,16104293.94,8815166.06,1050768.22,7982782.5,2240369.58,1358492.41,37.43,28.13,14.77,8.09,0.96,7.32,2.05,1.25
2016,2,2016-02-01,PJM,Pennsylvania-Jersey-Maryland,Northeast,126378057.34,143371765.44,44148578.39,31798238.44,41511750.35,8662442.44,1258483.81,12023531.24,2679215.64,1289525.14,30.79,22.18,28.95,6.04,0.88,8.39,1.87,0.9
2016,2,2016-02-01,SPP,Southwest Power Pool,South-Central,89698755.29,84992149.36,33063911.0,22347132.81,11907361.79,11468735.7,1831479.18,1661646.59,1740792.36,971089.9,38.9,26.29,14.01,13.49,2.15,1.96,2.05,1.14
2016,2,2016-02-01,WECC,Western Electricity Coordinating Council,Western,129731674.17,128630517.66,49460177.37,31745235.54,15660373.43,9217409.59,2927617.55,15669225.89,2592940.39,1357537.91,38.45,24.68,12.17,7.17,2.28,12.18,2.02,1.06
2016,2,2016-02-01,NY_ISO,New York ISO,Northeast,21658731.01,23555229.6,8638375.4,5936608.22,2593665.05,1964824.85,208720.99,3631530.17,382549.02,198955.9,36.67,25.2,11.01,8.34,0.89,15.42,1.62,0.84
2016,2,2016-02-01,ISO_NE,ISO New England,Northeast,23594087.73,26174183.76,8241138.63,5133615.41,7660430.15,1775926.23,242153.74,2434774.54,445223.46,240921.61,31.49,19.61,29.27,6.79,0.93,9.3,1.7,0.92
2016,3,2016-03-01,CAISO,California ISO,Western,48735966.96,49460830.71,15991831.66,10845024.86,6664113.95,4363383.96,1068362.57,9004165.97,1076243.53,447704.21,32.33,21.93,13.47,8.82,2.16,18.2,2.18,0.91
2016,3,2016-03-01,ERCOT,ERCOT (Texas),South,63960606.56,56759348.82,20748690.75,15901860.95,7851935.8,8672235.06,578519.08,1173469.81,1130249.15,702388.23,36.56,28.02,13.83,15.28,1.02,2.07,1.99,1.24
2016,3,2016-03-01,MISO,Midcontinent ISO,Midwest,144139234.48,136630467.93,54359218.76,32861231.07,17318288.14,12092914.32,1565082.36,13894233.99,3127170.42,1412328.88,39.79,24.05,12.68,8.85,1.15,10.17,2.29,1.03
2016,3,2016-03-01,PJM,Pennsylvania-Jersey-Maryland,Northeast,146905050.98,174904499.46,50503721.03,42007899.22,50950839.75,13482349.49,1281146.8,12301741.91,2958935.15,1417866.11,28.88,24.02,29.13,7.71,0.73,7.03,1.69,0.81
2016,3,2016-03-01,SPP,Southwest Power Pool,South-Central,113126136.4,106297591.39,40417240.39,24542417.4,14527550.32,18125758.26,2351113.58,2654880.88,2427275.44,1251355.11,38.02,23.09,13.67,17.05,2.21,2.5,2.28,1.18
2016,3,2016-03-01,WECC,Western Electricity Coordinating Council,Western,137585655.44,133469096.41,44490464.06,29960869.63,14210569.66,11547776.92,2560917.87,26737453.07,2713916.42,1247128.77,33.33,22.45,10.65,8.65,1.92,20.03,2.03,0.93
2016,3,2016-03-01,NY_ISO,New York ISO,Northeast,23529052.31,24267245.75,7920267.3,6398889.11,2813494.99,2034123.08,205717.41,4245281.83,415456.11,234015.92,32.64,26.37,11.59,8.38,0.85,17.49,1.71,0.96
2016,3,2016-03-01,ISO_NE,ISO New England,Northeast,26899884.54,28339815.68,8726104.85,5836341.25,8576865.35,1854085.19,295191.6,2332999.73,461033.98,257193.74,30.79,20.59,30.26,6.54,1.04,8.23,1.63,0.91
2016,4,2016-04-01,CAISO,California ISO,Western,43270676.82,43265494.53,15861905.42,10429660.78,5485310.46,3487792.64,987392.53,5567118.82,972906.09,473407.78,36.66,24.11,12.68,8.06,2.28,12.87,2.25,1.09
2016,4,2016-04-01,ERCOT,ERCOT (Texas),South,61648375.95,57105268.01,20551731.7,16153362.09,6584992.81,9622235.58,695066.2,1460556.91,1393442.33,643880.38,35.99,28.29,11.53,16.85,1.22,2.56,2.44,1.13
2016,4,2016-04-01,MISO,Midcontinent ISO,Midwest,136139567.44,116534930.98,44705182.46,30114642.55,15028159.49,10838201.6,1219596.24,10772502.95,2399355.32,1457290.37,38.36,25.84,12.9,9.3,1.05,9.24,2.06,1.25
2016,4,2016-04-01,PJM,Pennsylvania-Jersey-Maryland,Northeast,134626599.5,147727504.81,45722221.04,29919139.11,46266826.57,10490471.93,1389875.16,9705673.58,2740197.31,1493100.13,30.95,20.25,31.32,7.1,0.94,6.57,1.85,1.01
2016,4,2016-04-01,SPP,Southwest Power Pool,South-Central,104737027.95,101155790.92,37743599.13,30038291.99,11483278.64,14321156.8,2078944.17,2225531.2,2314708.42,950280.56,37.31,29.7,11.35,14.16,2.06,2.2,2.29,0.94
2016,4,2016-04-01,WECC,Western Electricity Coordinating Council,Western,130331246.0,126700635.26,41585211.84,34267344.47,15956524.49,9770987.97,2476180.84,18982254.19,2462698.82,1199432.65,32.82,27.05,12.59,7.71,1.95,14.98,1.94,0.95
2016,4,2016-04-01,NY_ISO,New York ISO,Northeast,27141441.03,26111030.68,9881234.74,6125004.49,3368844.02,2454540.62,298960.3,3112169.52,563682.83,306594.16,37.84,23.46,12.9,9.4,1.14,11.92,2.16,1.17
2016,4,2016-04-01,ISO_NE,ISO New England,Northeast,24570366.54,29131713.27,9733836.14,6382744.18,8331887.0,2036273.17,227973.42,1653331.43,551958.12,213709.81,33.41,21.91,28.6,6.99,0.78,5.68,1.89,0.73
2016,5,2016-05-01,CAISO,California ISO,Western,41274367.66,39934919.4,13491453.08,11160625.22,5134352.75,3582274.92,718322.37,4522014.05,901464.25,424412.76,33.78,27.95,12.86,8.97,1.8,11.32,2.26,1.06
2016,5,2016-05-01,ERCOT,ERCOT (Texas),South,57755902.29,54225868.42,18924703.37,15691098.6,7342039.12,8883633.92,613659.07,1146540.13,1016332.11,607862.1,34.9,28.94,13.54,16.38,1.13,2.11,1.87,1.12
2016,5,2016-05-01,MISO,Midcontinent ISO,Midwest,131202788.69,125590202.22,45768001.75,34169726.91,17886230.95,9672400.07,1488634.6,12692791.76,2501354.73,1411061.45,36.44,27.21,14.24,7.7,1.19,10.11,1.99,1.12
2016,5,2016-05-01,PJM,Pennsylvania-Jersey-Maryland,Northeast,132066969.73,146894200.65,40868629.45,36070120.54,42180404.5,9266606.86,1479573.97,13416840.73,2338995.55,1273029.05,27.82,24.56,28.71,6.31,1.01,9.13,1.59,0.87
2016,5,2016-05-01,SPP,Southwest Power Pool,South-Central,112886479.79,104622774.56,39060488.84,30828640.83,11856088.76,15532203.13,2271584.27,2079880.65,1968793.88,1025094.21,37.33,29.47,11.33,14.85,2.17,1.99,1.88,0.98
2016,5,2016-05-01,WECC,Western Electricity Coordinating Council,Western,145745300.71,139546809.73,48249112.17,31061085.87,18301930.57,13309631.14,3233431.96,20523728.77,3350922.98,1516966.26,34.58,22.26,13.12,9.54,2.32,14.71,2.4,1.09
2016,5,2016-05-01,NY_ISO,New York ISO,Northeast,25097908.98,24699484.43,9255926.29,6393947.67,2781071.14,2190600.87,277808.77,3116980.24,435715.15,247434.31,37.47,25.89,11.26,8.87,1.12,12.62,1.76,1.0
2016,5,2016-05-01,ISO_NE,ISO New England,Northeast,22447657.1,24999579.71,8090898.41,5753144.12,6685605.88,1896602.61,249457.78,1698805.87,413575.58,211489.45,32.36,23.01,26.74,7.59,1.0,6.8,1.65,0.85
2016,6,2016-06-01,CAISO,California ISO,Western,44872185.8,45870379.01,16763051.14,10779173.93,5281228.1,3630891.69,1012970.16,7072217.27,919287.43,411559.29,36.54,23.5,11.51,7.92,2.21,15.42,2.0,0.9
2016,6,2016-06-01,ERCOT,ERCOT (Texas),South,54700321.86,49631116.9,17864341.02,11897867.3,7314591.0,9386813.83,565167.31,810372.72,1169084.55,622879.16,35.99,23.97,14.74,18.91,1.14,1.63,2.36,1.26
2016,6,2016-06-01,MISO,Midcontinent ISO,Midwest,119800041.64,100654024.46,38477047.97,26516417.78,14514822.37,8190085.26,1167336.88,7773436.71,2682305.9,1332571.58,38.23,26.34,14.42,8.14,1.16,7.72,2.66,1.32
2016,6,2016-06-01,PJM,Pennsylvania-Jersey-Maryland,Northeast,142028860.03,164696036.75,49123925.25,38466183.99,47736798.71,12420419.54,1316128.37,11367292.5,2805403.5,1459884.88,29.83,23.36,28.98,7.54,0.8,6.9,1.7,0.89
2016,6,2016-06-01,SPP,Southwest Power Pool,South-Central,98344260.02,90630748.62,36277086.66,23176286.76,11639328.65,12913158.39,1837165.47,1670729.32,2181582.14,935411.24,40.03,25.57,12.84,14.25,2.03,1.84,2.41,1.03
2016,6,2016-06-01,WECC,Western Electricity Coordinating Council,Western,133856041.46,126171127.02,42481311.48,30009458.07,16258917.28,9849673.89,2769064.15,20780479.39,2614614.18,1407608.57,33.67,23.78,12.89,7.81,2.19,16.47,2.07,1.12
2016,6,2016-06-01,NY_ISO,New York ISO,Northeast,25170981.16,24630892.57,9315778.22,5932958.5,3123391.68,2180572.52,214025.73,3149144.03,440600.39,274421.49,37.82,24.09,12.68,8.85,0.87,12.79,1.79,1.11
2016,6,2016-06-01,ISO_NE,ISO New England,Northeast,24286350.2,28114742.58,9341480.31,5856391.35,8690547.19,1820684.51,236828.87,1417595.41,505167.84,246047.11,33.23,20.83,30.91,6.48,0.84,5.04,1.8,0.88
2016,7,2016-07-01,CAISO,California ISO,Western,56259346.04,57710569.49,20275865.39,15366823.37,6310964.08,5021151.52,1283649.76,7979708.36,959654.09,512752.92,35.13,26.63,10.94,8.7,2.22,13.83,1.66,0.89
2016,7,2016-07-01,ERCOT,ERCOT (Texas),South,77061445.34,75029709.56,30172217.53,18051442.63,9764999.5,12034569.73,883340.04,1620152.29,1749494.14,753493.7,40.21,24.06,13.01,16.04,1.18,2.16,2.33,1.0
2016,7,2016-07-01,MISO,Midcontinent ISO,Midwest,151182929.09,143644263.96,50402580.07,40167571.96,20807073.72,12489125.63,1465290.75,13599372.12,3253622.04,1459627.66,35.09,27.96,14.49,8.69,1.02,9.47,2.27,1.02
2016,7,2016-07-01,PJM,Pennsylvania-Jersey-Maryland,Northeast,176757896.59,197126365.99,63906895.6,41295929.71,54651520.42,12281671.36,1956118.44,17803363.86,3602483.33,1628383.28,32.42,20.95,27.72,6.23,0.99,9.03,1.83,0.83
2016,7,2016-07-01,SPP,Southwest Power Pool,South-Central,117569498.85,111971559.18,43700074.74,28954040.63,12757920.56,18925222.79,2098414.75,2370213.92,2158572.43,1007099.37,39.03,25.86,11.39,16.9,1.87,2.12,1.93,0.9
2016,7,2016-07-01,WECC,Western Electricity Coordinating Council,Western,174463718.91,185926553.19,65898737.85,43267331.47,23578519.65,15025802.22,3718051.86,29312495.52,3155005.47,1970609.15,35.44,23.27,12.68,8.08,2.0,15.77,1.7,1.06
2016,7,2016-07-01,NY_ISO,New York ISO,Northeast,28937402.8,30375286.64,10253992.29,7437701.03,3425641.6,2529132.14,306793.45,5570136.79,593841.51,258047.83,33.76,24.49,11.28,8.33,1.01,18.34,1.96,0.85
2016,7,2016-07-01,ISO_NE,ISO New England,Northeast,28098152.1,34244390.94,9662287.01,7944288.5,10867937.59,2097845.74,254239.35,2583760.35,531891.37,302141.02,28.22,23.2,31.74,6.13,0.74,7.55,1.55,0.88
2016,8,2016-08-01,CAISO,California ISO,Western,43911619.32,46045607.17,17172891.18,12609310.8,4632425.17,2993000.4,833937.36,6517092.81,829749.99,457199.46,37.3,27.38,10.06,6.5,1.81,14.15,1.8,0.99
2016,8,2016-08-01,ERCOT,ERCOT (Texas),South,55675578.74,55609007.97,21893861.1,15000824.62,7141798.16,7996909.3,535463.83,1240115.69,1188704.34,611330.94,39.37,26.98,12.84,14.38,0.96,2.23,2.14,1.1
2016,8,2016-08-01,MISO,Midcontinent ISO,Midwest,143852371.21,128900555.48,48025303.55,31144647.4,16379812.31,12604809.9,1362789.82,14620515.65,3284419.06,1478257.81,37.26,24.16,12.71,9.78,1.06,11.34,2.55,1.15
2016,8,2016-08-01,PJM,Pennsylvania-Jersey-Maryland,Northeast,145814283.07,163501561.16,44899709.61,38258285.07,52733467.64,10202493.81,1393324.76,11831228.16,2849324.91,1333727.19,27.46,23.4,32.25,6.24,0.85,7.24,1.74,0.82
2016,8,2016-08-01,SPP,Southwest Power Pool,South-Central,96605322.09,92136134.76,36323796.66,22204203.12,10038273.29,16592177.01,2147910.26,2107210.31,1896523.58,826040.53,39.42,24.1,10.9,18.01,2.33,2.29,2.06,0.9
2016,8,2016-08-01,WECC,Western Electricity Coordinating Council,Western,155591972.76,151780015.24,48100274.3,36202273.74,18035549.42,13363322.72,2912696.02,28681418.64,2760823.78,1723656.62,31.69,23.85,11.88,8.8,1.92,18.9,1.82,1.14
2016,8,2016-08-01,NY_ISO,New York ISO,Northeast,27092735.55,25860422.25,8073207.77,6234690.83,3457811.55,2437756.21,276981.42,4596689.65,504124.42,279160.4,31.22,24.11,13.37,9.43,1.07,17.77,1.95,1.08
2016,8,2016-08-01,ISO_NE,ISO New England,Northeast,24645751.56,29828816.16,9130339.18,6701263.76,9025477.79,2012830.05,217467.65,2083779.76,425991.03,231666.94,30.61,22.47,30.26,6.75,0.73,6.99,1.43,0.78
2016,9,2016-09-01,CAISO,California ISO,Western,46970891.26,48574546.83,17690841.65,12045416.02,6090277.35,3585092.55,1043476.66,6712806.0,997316.84,409319.76,36.42,24.8,12.54,7.38,2.15,13.82,2.05,0.84
2016,9,2016-09-01,ERCOT,ERCOT (Texas),South,55894435.77,49226146.18,17203347.16,14705523.32,6419456.72,7467772.83,607419.33,958968.48,1278818.85,584839.49,34.95,29.87,13.04,15.17,1.23,1.95,2.6,1.19
2016,9,2016-09-01,MISO,Midcontinent ISO,Midwest,123633085.93,115521753.76,49235661.27,27761157.9,13650036.6,11121817.43,1079764.86,9413908.86,2139748.29,1119658.56,42.62,24.03,11.82,9.63,0.93,8.15,1.85,0.97
2016,9,2016-09-01,PJM,Pennsylvania-Jersey-Maryland,Northeast,148380437.45,172697602.96,55207475.68,42236366.76,46236205.36,10915144.79,1402251.1,12173424.49,3185559.22,1341175.55,31.97,24.46,26.77,6.32,0.81,7.05,1.84,0.78
2016,9,2016-09-01,SPP,Southwest Power Pool,South-Central,104835348.88,101576713.96,39914313.66,23295545.99,14445405.62,16389174.5,2078424.32,2334363.95,1976680.24,1142805.68,39.29,22.93,14.22,16.13,2.05,2.3,1.95,1.13
2016,9,2016-09-01,WECC,Western Electricity Coordinating Council,Western,135443110.36,132450221.19,47189638.23,33659496.52,13839617.35,12205375.74,2456732.61,18997394.95,2803427.22,1298538.58,35.63,25.41,10.45,9.22,1.85,14.34,2.12,0.98
2016,9,2016-09-01,NY_ISO,New York ISO,Northeast,25633202.93,24297153.28,8477342.73,6022122.91,2873117.88,2168996.13,264620.53,3689973.46,576307.05,224672.58,34.89,24.79,11.82,8.93,1.09,15.19,2.37,0.92
2016,9,2016-09-01,ISO_NE,ISO New England,Northeast,23105549.37,27326546.57,8725600.4,6513194.81,7310249.61,1718944.57,215255.07,2190729.96,393859.84,258712.31,31.93,23.83,26.75,6.29,0.79,8.02,1.44,0.95
2016,10,2016-10-01,CAISO,California ISO,Western,42529472.63,42885175.32,13427092.47,11358247.53,5367867.02,3132548.88,888358.36,7338149.56,977226.95,395684.56,31.31,26.49,12.52,7.3,2.07,17.11,2.28,0.92
2016,10,2016-10-01,ERCOT,ERCOT (Texas),South,54471322.7,47557142.97,16789048.72,13804508.75,5741564.65,8212421.86,564178.27,979183.1,950028.65,516208.97,35.3,29.03,12.07,17.27,1.19,2.06,2.0,1.09
2016,10,2016-10-01,MISO,Midcontinent ISO,Midwest,127018044.59,109413321.13,39583750.46,30837485.29,13879919.74,9760604.15,1172577.51,10775014.55,2272111.82,1131857.61,36.18,28.18,12.69,8.92,1.07,9.85,2.08,1.03
2016,10,2016-10-01,PJM,Pennsylvania-Jersey-Maryland,Northeast,142639799.1,162998048.74,46357418.25,32261112.65,57222947.91,10315577.28,1382770.57,11236324.24,2658542.0,1563355.84,28.44,19.79,35.11,6.33,0.85,6.89,1.63,0.96
2016,10,2016-10-01,SPP,Southwest Power Pool,South-Central,103176139.16,103786498.28,41262961.68,29623906.23,11282466.25,14471676.29,2157215.11,1923685.48,1958516.44,1106070.8,39.76,28.54,10.87,13.94,2.08,1.85,1.89,1.07
2016,10,2016-10-01,WECC,Western Electricity Coordinating Council,Western,138071866.19,134934143.23,41706477.37,36097336.98,17946121.43,9878463.38,2950208.29,21649850.0,3150682.9,1555002.88,30.91,26.75,13.3,7.32,2.19,16.04,2.33,1.15
2016,10,2016-10-01,NY_ISO,New York ISO,Northeast,23079426.27,23151768.36,8192396.61,5703729.97,2633677.38,2005793.79,237678.52,3607100.19,510798.52,260593.37,35.39,24.64,11.38,8.66,1.03,15.58,2.21,1.13
2016,10,2016-10-01,ISO_NE,ISO New England,Northeast,23570154.68,28250053.72,8629688.88,5841585.67,9269380.14,1921635.5,237863.48,1654793.8,430889.74,264216.51,30.55,20.68,32.81,6.8,0.84,5.86,1.53,0.94
2016,11,2016-11-01,CAISO,California ISO,Western,41507938.77,39802655.52,12925101.76,9099322.47,5617762.07,3735376.06,828625.0,6326997.26,823003.44,446467.46,32.47,22.86,14.11,9.38,2.08,15.9,2.07,1.12
2016,11,2016-11-01,ERCOT,ERCOT (Texas),South,53775239.69,53110298.39,19245380.63,15001606.12,6636701.54,8746180.69,568916.01,1360350.41,956082.16,595080.83,36.24,28.25,12.5,16.47,1.07,2.56,1.8,1.12
2016,11,2016-11-01,MISO,Midcontinent ISO,Midwest,127856408.21,117058189.23,46514008.07,27969129.08,15786681.01,11134538.99,1465515.58,10269014.62,2800353.43,1118948.45,39.74,23.89,13.49,9.51,1.25,8.77,2.39,0.96
2016,11,2016-11-01,PJM,Pennsylvania-Jersey-Maryland,Northeast,148325174.74,170746973.19,45561469.65,35988285.98,58735923.92,13396646.89,1575627.52,11188985.49,2647925.78,1652107.96,26.68,21.08,34.4,7.85,0.92,6.55,1.55,0.97
2016,11,2016-11-01,SPP,Southwest Power Pool,South-Central,94977718.02,84809639.83,30964422.13,21955300.47,9688919.93,15513129.06,1920924.5,1886719.52,1857252.62,1022971.61,36.51,25.89,11.42,18.29,2.26,2.22,2.19,1.21
2016,11,2016-11-01,WECC,Western Electricity Coordinating Council,Western,134055060.48,136754292.18,50198532.21,33360796.28,14506205.03,11348322.04,2450446.96,21173858.13,2332933.38,1383198.16,36.71,24.39,10.61,8.3,1.79,15.48,1.71,1.01
2016,11,2016-11-01,NY_ISO,New York ISO,Northeast,23217500.9,24336156.07,8592353.7,5947750.52,3201906.7,1815625.31,256796.83,3841402.93,462582.08,217738.0,35.31,24.44,13.16,7.46,1.06,15.78,1.9,0.89
2016,11,2016-11-01,ISO_NE,ISO New England,Northeast,23791292.86,25780715.3,7335171.18,6418152.63,7203005.89,2133983.55,260510.05,1777486.55,441708.65,210696.79,28.45,24.9,27.94,8.28,1.01,6.89,1.71,0.82
2016,12,2016-12-01,CAISO,California ISO,Western,42429883.62,45006787.51,16140200.08,11135135.07,4545359.99,3589602.45,737346.63,7527177.87,879388.4,452577.01,35.86,24.74,10.1,7.98,1.64,16.72,1.95,1.01
2016,12,2016-12-01,ERCOT,ERCOT (Texas),South,62058826.6,59893167.19,24943521.01,16148677.7,6918213.41,8082169.91,667302.18,1205785.29,1305354.82,622142.87,41.65,26.96,11.55,13.49,1.11,2.01,2.18,1.04
2016,12,2016-12-01,MISO,Midcontinent ISO,Midwest,134992641.85,132539463.24,54054739.04,36824946.1,14986961.6,10086169.95,1379684.25,11262080.07,2741287.93,1203594.3,40.78,27.78,11.31,7.61,1.04,8.5,2.07,0.91
2016,12,2016-12-01,PJM,Pennsylvania-Jersey-Maryland,Northeast,134135203.68,161301374.33,40714377.99,36656129.51,53973668.73,11608423.7,1221509.35,12712485.02,2902480.1,1512299.93,25.24,22.73,33.46,7.2,0.76,7.88,1.8,0.94
2016,12,2016-12-01,SPP,Southwest Power Pool,South-Central,94211728.06,95218990.51,37830278.02,22357011.14,12923166.86,15263211.25,1764036.48,2164423.55,1913589.93,1003273.27,39.73,23.48,13.57,16.03,1.85,2.27,2.01,1.05
2016,12,2016-12-01,WECC,Western Electricity Coordinating Council,Western,144192346.55,144420581.47,54609776.62,33730450.58,16656628.7,10127844.06,2836721.13,22541327.05,2612599.22,1305234.13,37.81,23.36,11.53,7.01,1.96,15.61,1.81,0.9
2016,12,2016-12-01,NY_ISO,New York ISO,Northeast,24525102.97,23776055.53,8411449.08,5494527.81,2540796.58,2221338.73,257110.0,4064973.31,529002.01,256858.01,35.38,23.11,10.69,9.34,1.08,17.1,2.22,1.08
2016,12,2016-12-01,ISO_NE,ISO New England,Northeast,26199620.31,29974440.62,10343762.45,6562836.7,8521000.89,1847075.04,246620.03,1637059.0,519136.06,296950.44,34.51,21.89,28.43,6.16,0.82,5.46,1.73,0.99
2017,1,2017-01-01,CAISO,California ISO,Western,52237486.28,55433711.63,17373949.18,13907791.18,5665258.56,4682204.97,2483852.64,9816854.87,1021295.25,482504.98,31.34,25.09,10.22,8.45,4.48,17.71,1.84,0.87
2017,1,2017-01-01,ERCOT,ERCOT (Texas),South,77681040.95,75916423.44,27524554.13,21755126.44,9437360.77,12043157.02,1335018.05,1458540.81,1589334.59,773331.62,36.26,28.66,12.43,15.86,1.76,1.92,2.09,1.02
2017,1,2017-01-01,MISO,Midcontinent ISO,Midwest,152134967.19,144356212.08,52901045.5,37059471.13,17531638.6,15141964.76,3405199.69,13613134.78,3110142.29,1593615.32,36.65,25.67,12.14,10.49,2.36,9.43,2.15,1.1
2017,1,2017-01-01,PJM,Pennsylvania-Jersey-Maryland,Northeast,183274345.38,225730285.06,70386494.59,45652100.42,70780617.13,18452371.98,3802444.78,11162845.47,3824196.69,1669213.99,31.18,20.22,31.36,8.17,1.68,4.95,1.69,0.74
2017,1,2017-01-01,SPP,Southwest Power Pool,South-Central,123538663.43,113240713.26,36832951.99,27343770.86,13595754.47,23091501.33,6009356.94,2618285.03,2401505.98,1347586.67,32.53,24.15,12.01,20.39,5.31,2.31,2.12,1.19
2017,1,2017-01-01,WECC,Western Electricity Coordinating Council,Western,177767913.68,183431453.51,68348068.41,41066154.43,23487630.36,13603389.67,7639234.15,24210268.01,3364723.25,1711985.22,37.26,22.39,12.8,7.42,4.16,13.2,1.83,0.93
2017,1,2017-01-01,NY_ISO,New York ISO,Northeast,34207274.15,34180461.18,11687682.65,8635558.02,4051760.98,2946941.37,691350.58,5183818.23,635953.59,347395.77,34.19,25.26,11.85,8.62,2.02,15.17,1.86,1.02
2017,1,2017-01-01,ISO_NE,ISO New England,Northeast,30238760.1,32674156.19,9012044.72,7092260.72,10757210.17,2501262.0,515445.6,1847683.78,646981.77,301267.44,27.58,21.71,32.92,7.66,1.58,5.65,1.98,0.92
2017,2,2017-02-01,CAISO,California ISO,Western,38547668.57,39227849.02,12900356.67,10169982.57,4455266.18,3543190.25,1627266.81,5268736.54,822906.37,440143.63,32.89,25.93,11.36,9.03,4.15,13.43,2.1,1.12
2017,2,2017-02-01,ERCOT,ERCOT (Texas),South,52706297.72,53534145.67,19904545.17,15567620.86,6169523.92,8297669.49,1144844.73,1102204.03,898282.26,449455.21,37.18,29.08,11.52,15.5,2.14,2.06,1.68,0.84
2017,2,2017-02-01,MISO,Midcontinent ISO,Midwest,115644914.79,107342480.6,36014805.49,32044289.36,12775261.08,11034295.21,2255061.11,9708153.27,2417352.66,1093262.42,33.55,29.85,11.9,10.28,2.1,9.04,2.25,1.02
2017,2,2017-02-01,PJM,Pennsylvania-Jersey-Maryland,Northeast,137704643.32,161920088.14,43423252.1,36860363.87,51875399.92,12419331.61,3000752.41,10224138.13,2680350.79,1436499.31,26.82,22.76,32.04,7.67,1.85,6.31,1.66,0.89
2017,2,2017-02-01,SPP,Southwest Power Pool,South-Central,100769760.1,99289672.95,32581868.47,29340816.99,13308945.53,14668441.52,4258752.28,1720070.54,2305104.01,1105673.61,32.81,29.55,13.4,14.77,4.29,1.73,2.32,1.11
2017,2,2017-02-01,WECC,Western Electricity Coordinating Council,Western,134126693.08,146390893.49,50538776.5,39969288.27,17763848.75,10972042.48,5669402.31,17569331.42,2587676.53,1320527.24,34.52,27.3,12.13,7.5,3.87,12.0,1.77,0.9
2017,2,2017-02-01,NY_ISO,New York ISO,Northeast,22536465.36,23174671.56,8555429.69,5252647.84,2324868.89,2305408.76,429898.45,3635758.39,478189.58,192469.95,36.92,22.67,10.03,9.95,1.86,15.69,2.06,0.83
2017,2,2017-02-01,ISO_NE,ISO New England,Northeast,23609609.91,26151858.21,7486777.49,6327747.45,7587857.51,1807945.42,519926.08,1747454.78,423927.77,250221.7,28.63,24.2,29.01,6.91,1.99,6.68,1.62,0.96
2017,3,2017-03-01,CAISO,California ISO,Western,49188255.12,52465231.12,18994794.33,13626516.0,6118643.35,3933921.52,2477372.77,5834599.16,954210.54,525173.45,36.2,25.97,11.66,7.5,4.72,11.12,1.82,1.0
2017,3,2017-03-01,ERCOT,ERCOT (Texas),South,56345514.37,58424622.95,21324734.54,15588766.39,7057093.08,10189253.95,1260865.08,1243505.76,1148375.49,612028.66,36.5,26.68,12.08,17.44,2.16,2.13,1.97,1.05
2017,3,2017-03-01,MISO,Midcontinent ISO,Midwest,145068114.24,131603798.94,49076918.58,34160683.92,17081530.02,12397083.07,2481398.9,12215863.3,2797282.14,1393039.0,37.29,25.96,12.98,9.42,1.89,9.28,2.13,1.06
2017,3,2017-03-01,PJM,Pennsylvania-Jersey-Maryland,Northeast,147207669.61,182145296.8,56249326.56,37408394.84,56831412.8,11850728.85,2997599.41,12098864.42,3351059.48,1357910.42,30.88,20.54,31.2,6.51,1.65,6.64,1.84,0.75
2017,3,2017-03-01,SPP,Southwest Power Pool,South-Central,114485141.81,114479082.07,38767082.17,33171031.17,11925489.43,18887626.79,5642586.33,2364635.7,2442416.28,1278214.2,33.86,28.98,10.42,16.5,4.93,2.07,2.13,1.12
2017,3,2017-03-01,WECC,Western Electricity Coordinating Council,Western,144028059.12,142735857.56,42831198.1,38100048.8,18737473.55,12540820.53,7043901.56,19240664.14,2684255.15,1557495.74,30.01,26.69,13.13,8.79,4.93,13.48,1.88,1.09
2017,3,2017-03-01,NY_ISO,New York ISO,Northeast,24461272.65,22288559.39,7514395.94,5775795.98,3069016.75,1955368.6,558739.77,2639277.3,520447.31,255517.76,33.71,25.91,13.77,8.77,2.51,11.84,2.34,1.15
2017,3,2017-03-01,ISO_NE,ISO New England,Northeast,24422722.0,30497402.51,9031776.3,7162521.26,9110305.92,2362533.18,483337.35,1575519.22,538502.49,232906.79,29.61,23.49,29.87,7.75,1.58,5.17,1.77,0.76
2017,4,2017-04-01,CAISO,California ISO,Western,43550823.14,45145596.26,15534103.89,11181310.8,5210658.9,3393915.39,1819578.05,6590375.9,940093.1,475560.24,34.41,24.77,11.54,7.52,4.03,14.6,2.08,1.05
2017,4,2017-04-01,ERCOT,ERCOT (Texas),South,57907863.03,56713411.49,18325418.14,15773952.59,7598788.59,10780746.63,1323588.6,1262214.13,1118131.8,530571.0,32.31,27.81,13.4,19.01,2.33,2.23,1.97,0.94
2017,4,2017-04-01,MISO,Midcontinent ISO,Midwest,133184149.77,134062196.89,49343867.0,39264631.73,14380588.11,13715205.62,2294146.55,10958129.18,2735624.82,1370003.88,36.81,29.29,10.73,10.23,1.71,8.17,2.04,1.02
2017,4,2017-04-01,PJM,Pennsylvania-Jersey-Maryland,Northeast,142761904.59,155567186.08,45846892.28,32305918.9,45916817.64,13478148.28,2734679.72,11342233.77,2712772.13,1229723.36,29.47,20.77,29.52,8.66,1.76,7.29,1.74,0.79
2017,4,2017-04-01,SPP,Southwest Power Pool,South-Central,102110928.1,102542855.8,35805775.94,28164431.73,12496329.18,16265610.23,4499874.33,2026558.03,2204848.12,1079428.25,34.92,27.47,12.19,15.86,4.39,1.98,2.15,1.05
2017,4,2017-04-01,WECC,Western Electricity Coordinating Council,Western,142970374.8,148764338.04,55396418.96,31902196.35,15297012.07,13556075.49,6606230.82,21983155.01,2540696.89,1482552.45,37.24,21.44,10.28,9.11,4.44,14.78,1.71,1.0
2017,4,2017-04-01,NY_ISO,New York ISO,Northeast,22847684.7,23421119.77,8715467.38,6479199.94,2474167.36,1929715.99,421955.76,2778913.37,399163.13,222536.84,37.21,27.66,10.56,8.24,1.8,11.86,1.7,0.95
2017,4,2017-04-01,ISO_NE,ISO New England,Northeast,24159850.42,26198922.92,7112535.82,5935392.37,8331139.27,2106777.02,415134.87,1639205.31,451984.75,206753.52,27.15,22.66,31.8,8.04,1.58,6.26,1.73,0.79
2017,5,2017-05-01,CAISO,California ISO,Western,47113621.26,46880995.06,14644950.15,13034888.25,5437820.09,3700993.6,1887929.61,6730966.85,963768.01,479678.52,31.24,27.8,11.6,7.89,4.03,14.36,2.06,1.02
2017,5,2017-05-01,ERCOT,ERCOT (Texas),South,61238525.8,58649939.61,22517065.47,14800472.93,6790664.66,10306940.18,1076244.33,1384283.2,1103596.75,670672.09,38.39,25.24,11.58,17.57,1.84,2.36,1.88,1.14
2017,5,2017-05-01,MISO,Midcontinent ISO,Midwest,128560927.56,123815706.54,38577993.51,37431670.01,17125233.83,12884795.95,2655885.97,11030563.97,2815701.52,1293861.78,31.16,30.23,13.83,10.41,2.15,8.91,2.27,1.04
2017,5,2017-05-01,PJM,Pennsylvania-Jersey-Maryland,Northeast,132336277.53,169457925.3,50402948.91,37764461.98,51113740.4,11004042.35,2920315.8,12138680.81,2867119.71,1246615.33,29.74,22.29,30.16,6.49,1.72,7.16,1.69,0.74
2017,5,2017-05-01,SPP,Southwest Power Pool,South-Central,100001358.51,93661637.95,32393837.39,24868928.63,10820554.38,16179025.6,4313117.56,2122475.41,1827143.52,1136555.49,34.59,26.55,11.55,17.27,4.6,2.27,1.95,1.21
2017,5,2017-05-01,WECC,Western Electricity Coordinating Council,Western,155587354.6,162770318.3,56103556.92,43172733.84,17293931.38,13261881.83,7331657.42,21100909.46,3182176.85,1323470.6,34.47,26.52,10.62,8.15,4.5,12.96,1.96,0.81
2017,5,2017-05-01,NY_ISO,New York ISO,Northeast,24114746.46,23991976.95,7011632.5,6977535.58,2831652.56,2232680.09,441926.89,3768421.61,510759.99,217367.71,29.22,29.08,11.8,9.31,1.84,15.71,2.13,0.91
2017,5,2017-05-01,ISO_NE,ISO New England,Northeast,24699411.09,29256446.56,7788663.38,5917919.77,9869293.86,2476540.74,532701.6,1923139.7,479310.18,268877.33,26.62,20.23,33.73,8.46,1.82,6.57,1.64,0.92
2017,6,2017-06-01,CAISO,California ISO,Western,41204973.4,43240994.8,13707997.28,9705246.0,5334883.77,3735939.87,2009851.06,7520467.94,838612.27,387996.61,31.7,22.44,12.34,8.64,4.65,17.39,1.94,0.9
2017,6,2017-06-01,ERCOT,ERCOT (Texas),South,54371679.29,52130108.92,17045351.54,14552039.74,7211146.39,9270709.76,1191428.4,1150432.05,1162517.85,546483.18,32.7,27.91,13.83,17.78,2.29,2.21,2.23,1.05
2017,6,2017-06-01,MISO,Midcontinent ISO,Midwest,132090159.47,130138680.88,43960174.14,38043802.28,17834611.68,12392868.09,2525161.78,11505870.11,2542748.88,1333443.93,33.78,29.23,13.7,9.52,1.94,8.84,1.95,1.02
2017,6,2017-06-01,PJM,Pennsylvania-Jersey-Maryland,Northeast,133707071.75,158946065.28,51933990.04,32348457.66,44093644.89,13067636.47,2312507.45,11095467.45,2671172.26,1423189.06,32.67,20.35,27.74,8.22,1.45,6.98,1.68,0.9
2017,6,2017-06-01,SPP,Southwest Power Pool,South-Central,105723260.41,109993633.99,38734575.44,29207311.58,13595830.48,18904685.02,4176588.12,2604314.78,1805269.78,965058.79,35.22,26.55,12.36,17.19,3.8,2.37,1.64,0.88
2017,6,2017-06-01,WECC,Western Electricity Coordinating Council,Western,143541727.34,150708914.88,44771161.09,38279706.58,17105816.92,14159133.44,6869427.03,25107487.96,3107503.6,1308678.26,29.71,25.4,11.35,9.4,4.56,16.66,2.06,0.87
2017,6,2017-06-01,NY_ISO,New York ISO,Northeast,23310290.63,23888957.12,6944341.94,6574794.87,3161528.13,2381622.31,463174.01,3585497.99,519468.61,258529.26,29.07,27.52,13.23,9.97,1.94,15.01,2.17,1.08
2017,6,2017-06-01,ISO_NE,ISO New England,Northeast,26324564.45,31120976.97,8060817.93,6608682.25,9949484.7,2597278.56,538409.26,2534346.55,583309.13,248648.59,25.9,21.24,31.97,8.35,1.73,8.14,1.87,0.8
2017,7,2017-07-01,CAISO,California ISO,Western,51481514.8,56011220.62,19091069.27,13793258.75,7059030.02,5266332.75,2392181.66,6984854.72,886341.42,538152.04,34.08,24.63,12.6,9.4,4.27,12.47,1.58,0.96
2017,7,2017-07-01,ERCOT,ERCOT (Texas),South,70893778.22,64050938.2,20486520.36,17861292.2,8879936.42,11569254.73,1509584.92,1532041.63,1533206.13,679101.82,31.98,27.89,13.86,18.06,2.36,2.39,2.39,1.06
2017,7,2017-07-01,MISO,Midcontinent ISO,Midwest,173356178.85,156181204.45,61135045.11,41056369.98,17718893.72,14829821.58,3415681.83,13011038.68,3362939.54,1651414.02,39.14,26.29,11.35,9.5,2.19,8.33,2.15,1.06
2017,7,2017-07-01,PJM,Pennsylvania-Jersey-Maryland,Northeast,167570096.92,181639044.04,56065616.27,38333720.54,52076313.76,15106388.4,3776399.5,11418373.24,3181014.66,1681217.67,30.87,21.1,28.67,8.32,2.08,6.29,1.75,0.93
2017,7,2017-07-01,SPP,Southwest Power Pool,South-Central,121706734.65,112277719.78,40015752.91,27423961.82,15143086.29,17792902.22,5583020.47,2644582.15,2534785.63,1139628.29,35.64,24.43,13.49,15.85,4.97,2.36,2.26,1.02
2017,7,2017-07-01,WECC,Western Electricity Coordinating Council,Western,191406766.04,193865659.79,66907341.21,43075828.3,22466531.15,15502437.58,8256491.97,31265383.81,4393984.68,1997661.09,34.51,22.22,11.59,8.0,4.26,16.13,2.27,1.03
2017,7,2017-07-01,NY_ISO,New York ISO,Northeast,32237954.15,35268796.94,11157635.07,8889185.31,4263460.96,2725836.02,725310.42,6533638.12,672865.17,300865.86,31.64,25.2,12.09,7.73,2.06,18.53,1.91,0.85
2017,7,2017-07-01,ISO_NE,ISO New England,Northeast,31808954.84,36120180.25,12267113.55,7439293.56,9626468.13,3002342.07,642977.7,2275375.04,581632.0,284978.2,33.96,20.6,26.65,8.31,1.78,6.3,1.61,0.79
2017,8,2017-08-01,CAISO,California ISO,Western,41770456.95,42365497.75,14304813.92,10604311.47,4511302.69,3359968.58,2151961.65,6288919.06,749203.72,395016.66,33.77,25.03,10.65,7.93,5.08,14.84,1.77,0.93
2017,8,2017-08-01,ERCOT,ERCOT (Texas),South,57030829.13,54960057.0,22098480.39,13366442.69,7139314.62,8520879.61,1052165.86,1304515.31,969888.76,508369.77,40.21,24.32,12.99,15.5,1.91,2.37,1.76,0.92
2017,8,2017-08-01,MISO,Midcontinent ISO,Midwest,133741543.53,116851507.06,39910615.27,30269873.34,15713593.59,12117076.76,3024311.38,11667345.53,2787769.61,1360921.59,34.15,25.9,13.45,10.37,2.59,9.98,2.39,1.16
2017,8,2017-08-01,PJM,Pennsylvania-Jersey-Maryland,Northeast,135369262.89,169135901.22,47361623.16,36865420.88,53164653.98,13764536.82,2712927.63,11465502.91,2387817.56,1413418.28,28.0,21.8,31.43,8.14,1.6,6.78,1.41,0.84
2017,8,2017-08-01,SPP,Southwest Power Pool,South-Central,98918738.24,94213789.14,31124567.01,25600174.57,12200340.0,16241658.44,3989057.1,1761132.25,2209124.34,1087735.41,33.04,27.17,12.95,17.24,4.23,1.87,2.34,1.15
2017,8,2017-08-01,WECC,Western Electricity Coordinating Council,Western,149536408.53,143578216.64,48544071.39,33096777.68,17313172.8,12230306.79,7468794.25,20001364.04,3370353.6,1553376.09,33.81,23.05,12.06,8.52,5.2,13.93,2.35,1.08
2017,8,2017-08-01,NY_ISO,New York ISO,Northeast,25135944.26,25766766.97,9114591.86,6316468.0,2606776.89,2497300.4,469677.37,3975583.05,566585.9,219783.5,35.37,24.51,10.12,9.69,1.82,15.43,2.2,0.85
2017,8,2017-08-01,ISO_NE,ISO New England,Northeast,23854983.31,28482653.5,8881058.54,6532761.59,7415504.61,2119888.65,531378.01,2231009.04,529797.94,241255.12,31.18,22.94,26.04,7.44,1.87,7.83,1.86,0.85
2017,9,2017-09-01,CAISO,California ISO,Western,40596446.14,39601116.57,12311320.37,9524753.18,5383189.74,4129514.86,1603321.7,5326515.09,886260.36,436241.27,31.09,24.05,13.59,10.43,4.05,13.45,2.24,1.1
2017,9,2017-09-01,ERCOT,ERCOT (Texas),South,57160623.78,50995691.88,17161075.4,14766426.78,6627956.25,8679586.87,1057540.78,967332.72,1180474.12,555298.96,33.65,28.96,13.0,17.02,2.07,1.9,2.31,1.09
2017,9,2017-09-01,MISO,Midcontinent ISO,Midwest,118983514.96,107823372.86,36349978.01,30998978.21,13407040.95,11192583.25,2119925.97,10308365.35,2245857.31,1200643.82,33.71,28.75,12.43,10.38,1.97,9.56,2.08,1.11
2017,9,2017-09-01,PJM,Pennsylvania-Jersey-Maryland,Northeast,131522394.82,162606239.1,49651351.98,37365422.22,49763675.18,10104215.84,2663873.75,9040305.61,2783624.06,1233770.46,30.53,22.98,30.6,6.21,1.64,5.56,1.71,0.76
2017,9,2017-09-01,SPP,Southwest Power Pool,South-Central,98013559.35,96753288.28,30569012.17,27727193.79,10406652.04,18142459.55,4974368.14,2124855.83,1821206.63,987540.15,31.59,28.66,10.76,18.75,5.14,2.2,1.88,1.02
2017,9,2017-09-01,WECC,Western Electricity Coordinating Council,Western,133872487.56,144889638.22,52165838.06,39913349.96,14409017.47,12835652.27,6505518.76,14882851.47,2965698.19,1211712.03,36.0,27.55,9.94,8.86,4.49,10.27,2.05,0.84
2017,9,2017-09-01,NY_ISO,New York ISO,Northeast,25762600.41,26220898.98,7756339.81,7219700.67,3079863.43,2131853.14,560198.54,4663343.01,541249.39,268350.99,29.58,27.53,11.75,8.13,2.14,17.78,2.06,1.02
2017,9,2017-09-01,ISO_NE,ISO New England,Northeast,26252414.29,31160871.67,8010377.89,7639370.88,9710488.63,2060505.27,522462.2,2502134.79,472728.23,242803.78,25.71,24.52,31.16,6.61,1.68,8.03,1.52,0.78
2017,10,2017-10-01,CAISO,California ISO,Western,42390699.37,43933530.74,14859620.93,11595181.69,5483376.34,4050353.59,1743696.17,5084616.17,742407.09,374278.75,33.82,26.39,12.48,9.22,3.97,11.57,1.69,0.85
2017,10,2017-10-01,ERCOT,ERCOT (Texas),South,62069651.09,60509180.36,20995858.06,17328168.84,8151291.34,9428173.62,1279100.88,1302392.0,1327719.08,696476.54,34.7,28.64,13.47,15.58,2.11,2.15,2.19,1.15
2017,10,2017-10-01,MISO,Midcontinent ISO,Midwest,128673060.15,120410390.2,41126687.46,35945785.14,13445897.64,12597310.88,2690124.2,10306421.66,2917226.74,1380936.47,34.16,29.85,11.17,10.46,2.23,8.56,2.42,1.15
2017,10,2017-10-01,PJM,Pennsylvania-Jersey-Maryland,Northeast,130563172.74,145772895.67,47286197.04,30692760.74,39261327.24,10116040.77,2880512.33,11366129.27,2812414.69,1357513.59,32.44,21.06,26.93,6.94,1.98,7.8,1.93,0.93
2017,10,2017-10-01,SPP,Southwest Power Pool,South-Central,95319526.69,88225596.02,32860074.27,21322336.04,10672421.11,14154371.0,4645306.29,1767159.0,1899827.64,904100.67,37.25,24.17,12.1,16.04,5.27,2.0,2.15,1.02
2017,10,2017-10-01,WECC,Western Electricity Coordinating Council,Western,158451057.43,168518609.0,56774208.9,40467549.33,19664594.77,14529005.29,7881793.93,24648533.75,3157066.56,1395856.47,33.69,24.01,11.67,8.62,4.68,14.63,1.87,0.83
2017,10,2017-10-01,NY_ISO,New York ISO,Northeast,24909942.49,25347515.09,8483827.4,6899588.96,3384851.1,2507581.86,494303.87,2772321.66,540729.21,264311.04,33.47,27.22,13.35,9.89,1.95,10.94,2.13,1.04
2017,10,2017-10-01,ISO_NE,ISO New England,Northeast,22851356.46,29891166.46,8869184.09,6748676.11,9131708.78,1920970.83,463317.82,1994300.8,502728.98,260279.05,29.67,22.58,30.55,6.43,1.55,6.67,1.68,0.87
2017,11,2017-11-01,CAISO,California ISO,Western,47939900.5,47952040.01,15438181.5,12416482.11,6208014.09,4458803.97,1893592.94,6127992.56,965272.77,443700.07,32.2,25.89,12.95,9.3,3.95,12.78,2.01,0.93
2017,11,2017-11-01,ERCOT,ERCOT (Texas),South,56447038.7,52591928.15,16373761.42,15512812.82,5833312.64,10758138.54,1111016.31,1425406.29,970762.31,606717.82,31.13,29.5,11.09,20.46,2.11,2.71,1.85,1.15
2017,11,2017-11-01,MISO,Midcontinent ISO,Midwest,140923585.81,137946745.88,47619277.44,37267148.83,18893265.5,13305427.68,2842489.08,14107445.0,2515918.75,1395773.58,34.52,27.02,13.7,9.65,2.06,10.23,1.82,1.01
2017,11,2017-11-01,PJM,Pennsylvania-Jersey-Maryland,Northeast,137658416.85,167128915.2,49577394.33,34239571.86,51055226.07,12830357.93,3161297.18,12405261.62,2418614.77,1441191.44,29.66,20.49,30.55,7.68,1.89,7.42,1.45,0.86
2017,11,2017-11-01,SPP,Southwest Power Pool,South-Central,102694989.99,95334292.26,30767375.43,26805281.79,12937936.95,15273281.48,4174072.15,2330487.63,1883147.77,1162709.07,32.27,28.12,13.57,16.02,4.38,2.44,1.98,1.22
2017,11,2017-11-01,WECC,Western Electricity Coordinating Council,Western,133230403.98,145257733.08,42210655.44,39302513.96,15089058.43,13726074.24,6381995.84,24741298.8,2425251.3,1380885.07,29.06,27.06,10.39,9.45,4.39,17.03,1.67,0.95
2017,11,2017-11-01,NY_ISO,New York ISO,Northeast,26893156.13,27520288.15,8562327.36,7687178.48,3615061.37,2257016.47,557782.51,3986141.96,550791.77,303988.22,31.11,27.93,13.14,8.2,2.03,14.48,2.0,1.1
2017,11,2017-11-01,ISO_NE,ISO New England,Northeast,25170319.93,31161935.77,8952313.87,7029363.39,9476380.98,2219265.85,522707.34,2165367.17,575564.49,220972.68,28.73,22.56,30.41,7.12,1.68,6.95,1.85,0.71
2017,12,2017-12-01,CAISO,California ISO,Western,47562209.06,49608559.56,17176794.36,13391352.7,5158459.19,3950465.26,2057565.47,6316348.39,1040055.63,517518.55,34.62,26.99,10.4,7.96,4.15,12.73,2.1,1.04
2017,12,2017-12-01,ERCOT,ERCOT (Texas),South,64958582.81,66865731.64,24252764.3,19211265.3,8279953.52,10781235.37,1110079.79,1203303.54,1453229.16,573900.68,36.27,28.73,12.38,16.12,1.66,1.8,2.17,0.86
2017,12,2017-12-01,MISO,Midcontinent ISO,Midwest,127210320.01,125687887.67,48449254.87,36692626.02,13773821.09,11065579.01,2220876.52,9619725.91,2604183.17,1261821.08,38.55,29.19,10.96,8.8,1.77,7.65,2.07,1.0
2017,12,2017-12-01,PJM,Pennsylvania-Jersey-Maryland,Northeast,134234197.64,145965223.38,40792093.54,32297936.57,43909882.95,11170956.49,3002276.71,10346336.46,2903454.34,1542286.32,27.95,22.13,30.08,7.65,2.06,7.09,1.99,1.06
2017,12,2017-12-01,SPP,Southwest Power Pool,South-Central,113841801.54,111492212.95,36213556.4,32654796.66,14433527.96,16762901.84,5727144.93,2375147.92,2115176.39,1209960.86,32.48,29.29,12.95,15.04,5.14,2.13,1.9,1.09
2017,12,2017-12-01,WECC,Western Electricity Coordinating Council,Western,159680656.36,177753610.62,59791916.67,45420559.39,20810561.22,13931936.61,6732116.01,26103707.6,3332601.68,1630211.44,33.64,25.55,11.71,7.84,3.79,14.69,1.87,0.92
2017,12,2017-12-01,NY_ISO,New York ISO,Northeast,26684163.46,26626534.51,9882090.15,6668566.07,3511338.71,2266861.47,513807.45,3057040.78,455397.48,271432.41,37.11,25.04,13.19,8.51,1.93,11.48,1.71,1.02
2017,12,2017-12-01,ISO_NE,ISO New England,Northeast,24847370.79,28903392.47,8728649.46,6201484.64,9099932.33,1983668.8,524002.74,1645457.63,438665.2,281531.68,30.2,21.46,31.48,6.86,1.81,5.69,1.52,0.97
2018,1,2018-01-01,CAISO,California ISO,Western,56858433.57,60133884.11,19679506.55,16409344.14,6180292.79,5803094.02,3999640.1,6415530.73,1130745.6,515730.18,32.73,27.29,10.28,9.65,6.65,10.67,1.88,0.86
2018,1,2018-01-01,ERCOT,ERCOT (Texas),South,80634793.88,74632563.19,23721861.5,21717007.06,9195736.53,13623456.41,2639832.92,1493063.38,1467424.09,774181.29,31.78,29.1,12.32,18.25,3.54,2.0,1.97,1.04
2018,1,2018-01-01,MISO,Midcontinent ISO,Midwest,178062591.94,167181653.79,62020544.72,46140484.69,21508202.51,16208344.72,5511249.57,9898718.13,3866652.08,2027457.37,37.1,27.6,12.87,9.7,3.3,5.92,2.31,1.21
2018,1,2018-01-01,PJM,Pennsylvania-Jersey-Maryland,Northeast,170673740.36,214556206.01,63258810.1,46195330.26,64363603.12,17730631.49,5863203.97,12048400.63,3517733.54,1578492.9,29.48,21.53,30.0,8.26,2.73,5.62,1.64,0.74
2018,1,2018-01-01,SPP,Southwest Power Pool,South-Central,138499864.46,148375078.69,51312644.4,37752791.33,15412082.89,28944158.98,8272454.46,2470571.55,2727041.35,1483333.73,34.58,25.44,10.39,19.51,5.58,1.67,1.84,1.0
2018,1,2018-01-01,WECC,Western Electricity Coordinating Council,Western,171551012.76,190374134.74,56969524.51,51339917.75,21651476.23,14640416.49,13339117.86,26961967.22,3607782.99,1863931.69,29.93,26.97,11.37,7.69,7.01,14.16,1.9,0.98
2018,1,2018-01-01,NY_ISO,New York ISO,Northeast,30312645.96,28926912.09,8513516.91,7931627.85,3110562.12,2773769.07,862271.41,4772211.53,635043.56,327909.65,29.43,27.42,10.75,9.59,2.98,16.5,2.2,1.13
2018,1,2018-01-01,ISO_NE,ISO New England,Northeast,29614133.76,34595332.15,10027740.43,8851076.64,8891798.71,2655659.56,979017.52,2272005.19,600588.68,317445.43,28.99,25.58,25.7,7.68,2.83,6.57,1.74,0.92
2018,2,2018-02-01,CAISO,California ISO,Western,44626478.85,50148743.88,15449274.31,12145696.71,4732249.72,5104982.95,3105928.94,8278320.74,891984.26,440306.26,30.81,24.22,9.44,10.18,6.19,16.51,1.78,0.88
2018,2,2018-02-01,ERCOT,ERCOT (Texas),South,54738894.54,54876492.18,19529856.15,15521059.1,6603457.07,9149781.45,1466195.67,828917.37,1149098.7,628126.67,35.59,28.28,12.03,16.67,2.67,1.51,2.09,1.14
2018,2,2018-02-01,MISO,Midcontinent ISO,Midwest,112776427.97,105130715.42,37103083.85,26126049.63,15252219.7,12040058.02,3356857.89,7645977.84,2588109.59,1018358.9,35.29,24.85,14.51,11.45,3.19,7.27,2.46,0.97
2018,2,2018-02-01,PJM,Pennsylvania-Jersey-Maryland,Northeast,136896155.05,163517744.19,50853952.48,34638299.35,45101651.48,13865374.18,4256114.6,10946738.59,2351555.06,1504058.45,31.1,21.18,27.58,8.48,2.6,6.69,1.44,0.92
2018,2,2018-02-01,SPP,Southwest Power Pool,South-Central,88420606.54,91373306.05,26286004.35,25733492.35,12151064.25,17253183.37,5984997.23,1624467.05,1538134.84,801962.62,28.77,28.16,13.3,18.88,6.55,1.78,1.68,0.88
2018,2,2018-02-01,WECC,Western Electricity Coordinating Council,Western,146034064.57,148798929.51,41622667.15,39662593.39,16262501.57,13635083.49,10225147.14,23318361.12,2645783.02,1426792.63,27.97,26.66,10.93,9.16,6.87,15.67,1.78,0.96
2018,2,2018-02-01,NY_ISO,New York ISO,Northeast,22086849.03,22198289.81,6676166.59,6438241.41,2620141.64,2226647.65,620159.51,2973580.32,443045.23,200307.46,30.08,29.0,11.8,10.03,2.79,13.4,2.0,0.9
2018,2,2018-02-01,ISO_NE,ISO New England,Northeast,24915410.87,30146807.21,8258716.72,6654305.05,9620741.1,2422292.77,744155.37,1654765.08,526043.36,265787.78,27.39,22.07,31.91,8.03,2.47,5.49,1.74,0.88
2018,3,2018-03-01,CAISO,California ISO,Western,46794988.15,47294850.96,13439618.55,11291156.52,5482310.69,5331894.59,3013135.56,7397931.38,925904.83,412898.85,28.42,23.87,11.59,11.27,6.37,15.64,1.96,0.87
2018,3,2018-03-01,ERCOT,ERCOT (Texas),South,58317622.89,57835526.35,20276120.71,14869873.26,6569000.63,11166143.51,1929403.89,1101345.05,1320632.21,603007.09,35.06,25.71,11.36,19.31,3.34,1.9,2.28,1.04
2018,3,2018-03-01,MISO,Midcontinent ISO,Midwest,145245432.7,141072877.46,49295070.18,36668054.98,19090261.35,15752035.69,3813003.84,12064008.24,2847433.93,1543009.25,34.94,25.99,13.53,11.17,2.7,8.55,2.02,1.09
2018,3,2018-03-01,PJM,Pennsylvania-Jersey-Maryland,Northeast,149454743.68,169445053.07,50903934.08,37880899.02,45356946.67,13147089.28,4598777.17,13187351.45,2698980.98,1671074.41,30.04,22.36,26.77,7.76,2.71,7.78,1.59,0.99
2018,3,2018-03-01,SPP,Southwest Power Pool,South-Central,98797745.27,97746951.49,30107675.78,23645247.33,11865485.57,19600525.63,7527126.45,2060747.92,1997057.52,943085.3,30.8,24.19,12.14,20.05,7.7,2.11,2.04,0.96
2018,3,2018-03-01,WECC,Western Electricity Coordinating Council,Western,140568922.3,149166020.56,44182193.47,42151413.99,19040713.27,14005140.14,10564747.16,15330129.22,2399084.01,1492599.29,29.62,28.26,12.76,9.39,7.08,10.28,1.61,1.0
2018,3,2018-03-01,NY_ISO,New York ISO,Northeast,25827329.04,27346953.8,8882514.23,7761565.28,3154760.68,2503162.94,700100.81,3561098.41,543770.28,239981.16,32.48,28.38,11.54,9.15,2.56,13.02,1.99,0.88
2018,3,2018-03-01,ISO_NE,ISO New England,Northeast,26151909.89,31930053.52,7710499.82,7177158.05,9915256.23,2892906.44,835272.24,2635100.11,532524.93,231335.72,24.15,22.48,31.05,9.06,2.62,8.25,1.67,0.72
2018,4,2018-04-01,CAISO,California ISO,Western,43944458.27,43885297.55,12500984.94,10113645.99,4673242.5,5032436.78,3533449.18,6862584.2,790915.7,378038.27,28.49,23.05,10.65,11.47,8.05,15.64,1.8,0.86
2018,4,2018-04-01,ERCOT,ERCOT (Texas),South,57538914.64,56882789.0,21128998.24,13819102.56,6144461.06,11211219.5,1711182.09,990309.54,1228058.14,649457.87,37.14,24.29,10.8,19.71,3.01,1.74,2.16,1.14
2018,4,2018-04-01,MISO,Midcontinent ISO,Midwest,122375942.65,113106073.58,37743273.1,35819359.67,12753931.75,10612453.19,3256356.8,9385722.42,2459305.41,1075671.24,33.37,31.67,11.28,9.38,2.88,8.3,2.17,0.95
2018,4,2018-04-01,PJM,Pennsylvania-Jersey-Maryland,Northeast,124804746.1,144604949.74,35193684.91,34527042.58,43388076.55,12335020.28,3908851.41,11292182.46,2535966.11,1424125.44,24.34,23.88,30.0,8.53,2.7,7.81,1.75,0.98
2018,4,2018-04-01,SPP,Southwest Power Pool,South-Central,97455182.89,98014361.21,31942863.25,23124596.91,12915776.99,18871059.29,6369109.29,1804034.37,1906532.84,1080388.26,32.59,23.59,13.18,19.25,6.5,1.84,1.95,1.1
2018,4,2018-04-01,WECC,Western Electricity Coordinating Council,Western,142343562.18,162953591.26,51506788.1,43181908.25,19604568.38,14495009.58,8798832.68,20601745.08,3186382.91,1578356.28,31.61,26.5,12.03,8.9,5.4,12.64,1.96,0.97
2018,4,2018-04-01,NY_ISO,New York ISO,Northeast,23012597.05,24867364.46,8631806.4,5364109.82,2809916.14,2326528.05,790817.62,4255726.54,425705.24,262754.65,34.71,21.57,11.3,9.36,3.18,17.11,1.71,1.06
2018,4,2018-04-01,ISO_NE,ISO New England,Northeast,24451741.59,28920768.59,7841609.39,5762178.87,9083542.34,2676692.62,692797.75,2154848.97,463531.19,245567.45,27.11,19.92,31.41,9.26,2.4,7.45,1.6,0.85
2018,5,2018-05-01,CAISO,California ISO,Western,43603737.72,49654510.08,15771840.46,12648142.26,5164621.24,4430486.72,3324844.23,7064659.27,862176.13,387739.76,31.76,25.47,10.4,8.92,6.7,14.23,1.74,0.78
2018,5,2018-05-01,ERCOT,ERCOT (Texas),South,58757816.52,58321956.17,21523433.83,13571734.05,6841898.69,11452673.08,1729993.78,1292234.74,1346615.1,563372.9,36.9,23.27,11.73,19.64,2.97,2.22,2.31,0.97
2018,5,2018-05-01,MISO,Midcontinent ISO,Midwest,128808298.43,119413270.86,40974835.42,30744382.1,16001528.07,14769439.99,3465552.95,9567358.05,2694920.25,1195254.03,34.31,25.75,13.4,12.37,2.9,8.01,2.26,1.0
2018,5,2018-05-01,PJM,Pennsylvania-Jersey-Maryland,Northeast,150894033.7,173112442.12,50507533.12,38861784.13,47256993.65,16622772.03,3943019.63,11530224.71,2805565.18,1584549.67,29.18,22.45,27.3,9.6,2.28,6.66,1.62,0.92
2018,5,2018-05-01,SPP,Southwest Power Pool,South-Central,100963736.77,96705421.35,29777842.68,26532353.72,11049542.43,16318641.39,7996694.09,1878756.19,2164513.84,987077.01,30.79,27.44,11.43,16.87,8.27,1.94,2.24,1.02
2018,5,2018-05-01,WECC,Western Electricity Coordinating Council,Western,158800563.52,179003652.99,58711302.77,47519724.25,18236369.96,14453748.33,10269919.42,24637386.24,3480638.89,1694563.15,32.8,26.55,10.19,8.07,5.74,13.76,1.94,0.95
2018,5,2018-05-01,NY_ISO,New York ISO,Northeast,29490146.14,30599440.12,10620600.75,6969568.89,3110458.95,2612529.45,887672.95,5537376.75,607043.08,254189.29,34.71,22.78,10.17,8.54,2.9,18.1,1.98,0.83
2018,5,2018-05-01,ISO_NE,ISO New England,Northeast,24038058.75,27707572.51,6733663.61,5586733.55,9178920.84,2708325.65,796711.75,1901703.55,549088.68,252424.9,24.3,20.16,33.13,9.77,2.88,6.86,1.98,0.91
2018,6,2018-06-01,CAISO,California ISO,Western,44835516.69,46511925.13,13440106.49,12318193.0,4796033.25,4971762.68,3487177.36,6269989.35,780404.71,448258.3,28.9,26.48,10.31,10.69,7.5,13.48,1.68,0.96
2018,6,2018-06-01,ERCOT,ERCOT (Texas),South,59845523.64,62720017.27,21120378.79,17390910.56,6521681.91,13046515.53,1786226.12,1173667.19,1034882.86,645754.31,33.67,27.73,10.4,20.8,2.85,1.87,1.65,1.03
2018,6,2018-06-01,MISO,Midcontinent ISO,Midwest,121687188.08,117130224.3,38117518.92,35306977.41,16011879.65,11482276.88,3143887.06,9387351.7,2481075.77,1199256.91,32.54,30.14,13.67,9.8,2.68,8.01,2.12,1.02
2018,6,2018-06-01,PJM,Pennsylvania-Jersey-Maryland,Northeast,142584445.37,162307085.22,40659624.38,40948221.26,47448139.19,13742966.04,3659524.77,11524664.53,3102933.14,1221011.91,25.05,25.23,29.23,8.47,2.25,7.1,1.91,0.75
2018,6,2018-06-01,SPP,Southwest Power Pool,South-Central,96055391.42,99831131.92,27035889.74,28152880.31,12864813.72,19851207.4,7166772.13,2042420.27,1733276.94,983871.41,27.08,28.2,12.89,19.88,7.18,2.05,1.74,0.99
2018,6,2018-06-01,WECC,Western Electricity Coordinating Council,Western,140626797.3,155255195.18,53043889.89,38212136.13,15913260.19,12433063.54,10177208.96,21554722.33,2688439.07,1232475.07,34.17,24.61,10.25,8.01,6.56,13.88,1.73,0.79
2018,6,2018-06-01,NY_ISO,New York ISO,Northeast,23473371.15,23068186.86,7126105.32,5476612.76,3100815.1,2521655.95,710259.16,3477788.68,432076.54,222873.36,30.89,23.74,13.44,10.93,3.08,15.08,1.87,0.97
2018,6,2018-06-01,ISO_NE,ISO New England,Northeast,22977213.09,26989604.82,7510890.6,6945407.47,6958455.42,1991818.54,705343.66,2156569.59,498779.21,222340.33,27.83,25.73,25.78,7.38,2.61,7.99,1.85,0.82
2018,7,2018-07-01,CAISO,California ISO,Western,52747617.33,56270902.88,16600965.33,14235766.21,6910290.52,5336655.82,3282128.35,8234361.28,1077700.77,593034.59,29.5,25.3,12.28,9.48,5.83,14.63,1.92,1.05
2018,7,2018-07-01,ERCOT,ERCOT (Texas),South,78441610.4,71622399.7,22717654.0,18979737.89,8723731.64,14847115.13,2178085.84,1813090.18,1693497.25,669487.77,31.72,26.5,12.18,20.73,3.04,2.53,2.36,0.93
2018,7,2018-07-01,MISO,Midcontinent ISO,Midwest,152878600.1,147105339.37,55711536.97,36315027.96,17761930.03,15732376.68,4747145.9,12705858.93,2602228.75,1529234.14,37.87,24.69,12.07,10.69,3.23,8.64,1.77,1.04
2018,7,2018-07-01,PJM,Pennsylvania-Jersey-Maryland,Northeast,175995791.6,209690565.7,60489927.28,53278440.81,52361829.78,19756221.39,5615447.44,13198448.41,3256628.76,1733621.84,28.85,25.41,24.97,9.42,2.68,6.29,1.55,0.83
2018,7,2018-07-01,SPP,Southwest Power Pool,South-Central,119150461.26,116092792.14,38256747.12,28000508.12,14803006.13,20718559.39,8707643.16,1983741.61,2293751.36,1328835.27,32.95,24.12,12.75,17.85,7.5,1.71,1.98,1.14
2018,7,2018-07-01,WECC,Western Electricity Coordinating Council,Western,177993509.18,198382773.08,56020272.11,54266410.19,22422253.59,19530891.98,11991387.46,28619705.49,3842781.34,1689070.93,28.24,27.35,11.3,9.85,6.04,14.43,1.94,0.85
2018,7,2018-07-01,NY_ISO,New York ISO,Northeast,30931723.31,32086889.87,10818467.46,7167235.9,4209725.42,2921231.71,1050247.75,5017276.63,602780.03,299924.97,33.72,22.34,13.12,9.1,3.27,15.64,1.88,0.93
2018,7,2018-07-01,ISO_NE,ISO New England,Northeast,31174398.12,41171224.8,10818091.81,9489553.01,12402243.59,3535972.96,935956.85,3031338.44,623364.23,334703.92,26.28,23.05,30.12,8.59,2.27,7.36,1.51,0.81
2018,8,2018-08-01,CAISO,California ISO,Western,49218548.56,51887687.27,15521127.99,14336604.8,5038069.24,4281448.71,3913049.78,7199127.36,1103858.88,494400.5,29.91,27.63,9.71,8.25,7.54,13.87,2.13,0.95
2018,8,2018-08-01,ERCOT,ERCOT (Texas),South,62152394.47,60714859.14,18752086.4,15975778.52,7914172.58,12814678.03,1877115.12,1525566.72,1267068.66,588393.11,30.89,26.31,13.03,21.11,3.09,2.51,2.09,0.97
2018,8,2018-08-01,MISO,Midcontinent ISO,Midwest,129833843.74,119587269.07,38404224.3,33120309.05,16453755.45,12198111.75,4256810.38,10801420.81,2926126.8,1426510.53,32.11,27.7,13.76,10.2,3.56,9.03,2.45,1.19
2018,8,2018-08-01,PJM,Pennsylvania-Jersey-Maryland,Northeast,146720655.87,164099652.06,42560418.61,43615217.07,44145571.15,13059231.15,3985962.04,12094761.08,3371083.01,1267407.94,25.94,26.58,26.9,7.96,2.43,7.37,2.05,0.77
2018,8,2018-08-01,SPP,Southwest Power Pool,South-Central,101043568.45,111859261.76,38087464.63,30628362.34,11683964.65,18791854.89,7128657.39,2187223.4,2217929.22,1133805.23,34.05,27.38,10.45,16.8,6.37,1.96,1.98,1.01
2018,8,2018-08-01,WECC,Western Electricity Coordinating Council,Western,157819185.86,166338640.32,45500590.69,42300693.75,18209800.01,16935505.78,12064945.94,26845839.69,2832223.98,1649040.47,27.35,25.43,10.95,10.18,7.25,16.14,1.7,0.99
2018,8,2018-08-01,NY_ISO,New York ISO,Northeast,25134887.51,24723629.26,7911805.44,7126180.84,2767591.93,2254735.96,715608.48,3169733.88,527555.9,250416.84,32.0,28.82,11.19,9.12,2.89,12.82,2.13,1.01
2018,8,2018-08-01,ISO_NE,ISO New England,Northeast,26175030.86,29955635.12,9125158.08,6031463.35,8814372.64,2330812.97,732267.92,2144459.43,524646.49,252454.26,30.46,20.13,29.42,7.78,2.44,7.16,1.75,0.84
2018,9,2018-09-01,CAISO,California ISO,Western,44084666.53,47545313.83,14741443.89,12478864.53,4669209.0,4759665.56,3325977.96,6303523.12,796655.02,469974.76,31.01,26.25,9.82,10.01,7.0,13.26,1.68,0.99
2018,9,2018-09-01,ERCOT,ERCOT (Texas),South,54741766.15,52719562.13,16144933.03,16454388.61,5814795.21,9400202.4,1841595.48,1402940.29,1166926.46,493780.65,30.62,31.21,11.03,17.83,3.49,2.66,2.21,0.94
2018,9,2018-09-01,MISO,Midcontinent ISO,Midwest,140952601.58,133776950.89,45622109.56,35899553.93,16553613.5,13854293.77,4049582.92,13709645.74,2755528.68,1332622.79,34.1,26.84,12.37,10.36,3.03,10.25,2.06,1.0
2018,9,2018-09-01,PJM,Pennsylvania-Jersey-Maryland,Northeast,127715117.66,152181264.52,44895340.46,35549096.39,41090205.2,14179319.41,3715544.63,8971685.26,2378363.79,1401709.37,29.5,23.36,27.0,9.32,2.44,5.9,1.56,0.92
2018,9,2018-09-01,SPP,Southwest Power Pool,South-Central,103296697.62,103891091.97,30605500.92,31948642.15,10639525.26,17480160.66,8111907.36,2224510.01,1813022.36,1067823.26,29.46,30.75,10.24,16.83,7.81,2.14,1.75,1.03
2018,9,2018-09-01,WECC,Western Electricity Coordinating Council,Western,140119656.42,144478634.77,47886605.83,32545417.15,18785241.59,15022739.66,10811096.94,14929780.55,3148956.06,1348797.0,33.14,22.53,13.0,10.4,7.48,10.33,2.18,0.93
2018,9,2018-09-01,NY_ISO,New York ISO,Northeast,27122478.77,26795045.9,8225814.1,6269763.28,3588798.95,2374088.87,857957.51,4720072.66,491986.65,266563.88,30.7,23.4,13.39,8.86,3.2,17.62,1.84,0.99
2018,9,2018-09-01,ISO_NE,ISO New England,Northeast,26130890.95,31989302.88,8573775.77,6770813.38,10212738.78,2482316.75,673703.41,2488807.6,532362.31,254784.87,26.8,21.17,31.93,7.76,2.11,7.78,1.66,0.8
2018,10,2018-10-01,CAISO,California ISO,Western,44835935.69,46839457.09,12892474.32,11719251.95,4672834.93,4398998.22,3216678.82,8636770.78,884631.16,417816.9,27.52,25.02,9.98,9.39,6.87,18.44,1.89,0.89
2018,10,2018-10-01,ERCOT,ERCOT (Texas),South,57961014.83,56763518.7,19073146.73,16066744.06,7344772.26,9849573.9,1505238.39,1189947.87,1104452.07,629643.42,33.6,28.3,12.94,17.35,2.65,2.1,1.95,1.11
2018,10,2018-10-01,MISO,Midcontinent ISO,Midwest,121776552.68,119961930.39,43416529.69,29207555.74,15412664.72,13567225.66,3768645.69,10876530.94,2579925.1,1132852.84,36.19,24.35,12.85,11.31,3.14,9.07,2.15,0.94
2018,10,2018-10-01,PJM,Pennsylvania-Jersey-Maryland,Northeast,143833045.46,183017352.14,53417905.48,38282273.34,54219246.44,16134557.68,3967961.15,12795236.41,2675715.03,1524456.61,29.19,20.92,29.63,8.82,2.17,6.99,1.46,0.83
2018,10,2018-10-01,SPP,Southwest Power Pool,South-Central,108671951.74,114617043.61,34167524.45,32988948.39,14284992.47,21046953.2,6636382.29,2061502.76,2248910.29,1181829.76,29.81,28.78,12.46,18.36,5.79,1.8,1.96,1.03
2018,10,2018-10-01,WECC,Western Electricity Coordinating Council,Western,162320760.6,174324094.67,54382198.55,47714349.2,21065023.48,14426556.99,12322804.1,19515937.87,3088995.41,1808229.07,31.2,27.37,12.08,8.28,7.07,11.2,1.77,1.04
2018,10,2018-10-01,NY_ISO,New York ISO,Northeast,27774417.18,30612821.76,9686658.0,8059340.03,3451018.52,2837339.64,752965.7,5024140.39,512619.91,288739.57,31.64,26.33,11.27,9.27,2.46,16.41,1.67,0.94
2018,10,2018-10-01,ISO_NE,ISO New England,Northeast,23095189.72,25876110.17,7178900.13,6788650.24,6897933.17,1967805.79,716242.31,1614579.67,497238.54,214760.32,27.74,26.24,26.66,7.6,2.77,6.24,1.92,0.83
2018,11,2018-11-01,CAISO,California ISO,Western,48334726.18,49724385.66,14050219.02,14111237.78,5096401.75,4417957.97,3689276.83,6841155.01,970188.71,547948.6,28.26,28.38,10.25,8.88,7.42,13.76,1.95,1.1
2018,11,2018-11-01,ERCOT,ERCOT (Texas),South,62893116.5,66548208.62,22473964.61,19112109.45,7795053.27,12467624.33,1733494.83,1189406.89,1120917.44,655637.8,33.77,28.72,11.71,18.73,2.6,1.79,1.68,0.99
2018,11,2018-11-01,MISO,Midcontinent ISO,Midwest,123127590.99,118088459.36,42778814.39,32419412.74,13936276.06,11377567.64,3585765.62,10759390.1,2181506.75,1049726.05,36.23,27.45,11.8,9.63,3.04,9.11,1.85,0.89
2018,11,2018-11-01,PJM,Pennsylvania-Jersey-Maryland,Northeast,138190556.19,169487809.44,39647380.9,41807733.29,54210186.98,13153894.27,3675830.71,12594854.73,3121227.05,1276701.52,23.39,24.67,31.98,7.76,2.17,7.43,1.84,0.75
2018,11,2018-11-01,SPP,Southwest Power Pool,South-Central,94057638.68,94566845.53,32612662.98,22768208.97,10364733.41,17147580.42,7010860.41,2022097.98,1674705.72,965995.66,34.49,24.08,10.96,18.13,7.41,2.14,1.77,1.02
2018,11,2018-11-01,WECC,Western Electricity Coordinating Council,Western,145082958.25,144742422.3,41769156.29,36521633.38,15429147.46,13275985.86,10996554.01,22015670.97,3116426.52,1617847.81,28.86,25.23,10.66,9.17,7.6,15.21,2.15,1.12
2018,11,2018-11-01,NY_ISO,New York ISO,Northeast,27536929.88,29340338.29,9210889.57,6596205.8,3780674.27,2654912.55,796206.55,5444970.59,557293.93,299185.03,31.39,22.48,12.89,9.05,2.71,18.56,1.9,1.02
2018,11,2018-11-01,ISO_NE,ISO New England,Northeast,23599981.63,29271530.69,8841875.49,6279748.08,9158911.1,2058683.88,618587.75,1601840.7,465478.02,246405.65,30.21,21.45,31.29,7.03,2.11,5.47,1.59,0.84
2018,12,2018-12-01,CAISO,California ISO,Western,41970854.24,43447931.15,13300870.55,10057257.38,5300065.61,3575620.4,2882741.1,7168887.65,715243.81,447244.65,30.61,23.15,12.2,8.23,6.63,16.5,1.65,1.03
2018,12,2018-12-01,ERCOT,ERCOT (Texas),South,66453663.23,62635509.75,21233387.5,16497322.37,7664593.48,12051340.01,1968757.05,1166279.59,1295913.88,757915.86,33.9,26.34,12.24,19.24,3.14,1.86,2.07,1.21
2018,12,2018-12-01,MISO,Midcontinent ISO,Midwest,151312920.65,149898313.33,52528440.78,43801129.0,18666622.95,15133464.34,4269534.84,11304210.27,2604388.65,1590522.5,35.04,29.22,12.45,10.1,2.85,7.54,1.74,1.06
2018,12,2018-12-01,PJM,Pennsylvania-Jersey-Maryland,Northeast,136188175.3,166367213.65,50643772.81,31908534.28,53700352.29,13218826.48,3650939.61,8842450.73,2897930.72,1504406.73,30.44,19.18,32.28,7.95,2.19,5.32,1.74,0.9
2018,12,2018-12-01,SPP,Southwest Power Pool,South-Central,107507710.74,110453776.77,31582744.75,28655986.85,14624699.61,22693393.37,6986267.78,2501119.66,2289171.77,1120392.99,28.59,25.94,13.24,20.55,6.33,2.26,2.07,1.01
2018,12,2018-12-01,WECC,Western Electricity Coordinating Council,Western,145989964.09,150034369.65,44599447.47,37561176.03,18230400.58,14049156.08,8999985.43,22395535.65,2889075.66,1309592.73,29.73,25.04,12.15,9.36,6.0,14.93,1.93,0.87
2018,12,2018-12-01,NY_ISO,New York ISO,Northeast,26926224.73,24946091.06,7781337.55,6490495.1,3075110.44,2797375.19,696675.0,3252518.03,548400.41,304179.34,31.19,26.02,12.33,11.21,2.79,13.04,2.2,1.22
2018,12,2018-12-01,ISO_NE,ISO New England,Northeast,26849328.46,31570109.17,9350342.93,7212326.11,8819879.01,2532649.55,748718.47,2200740.21,466637.36,238815.52,29.62,22.85,27.94,8.02,2.37,6.97,1.48,0.76
2019,1,2019-01-01,CAISO,California ISO,Western,54611504.04,62433787.73,19662092.29,15896863.13,6625653.49,5287494.42,5066208.31,8332362.9,1021409.58,541703.62,31.49,25.46,10.61,8.47,8.11,13.35,1.64,0.87
2019,1,2019-01-01,ERCOT,ERCOT (Texas),South,78262774.48,75752317.94,25565918.74,19472365.72,9807838.86,14224968.93,3029869.57,1515246.33,1368774.33,767335.47,33.75,25.71,12.95,18.78,4.0,2.0,1.81,1.01
2019,1,2019-01-01,MISO,Midcontinent ISO,Midwest,161376931.55,165128538.13,53293207.41,43746953.08,20450533.18,19400701.48,6958608.55,16388170.03,3444337.29,1446027.11,32.27,26.49,12.38,11.75,4.21,9.92,2.09,0.88
2019,1,2019-01-01,PJM,Pennsylvania-Jersey-Maryland,Northeast,194900786.65,235083553.69,63069422.89,49745685.37,69415954.97,23634981.83,6933402.39,16253383.45,4334798.07,1695924.72,26.83,21.16,29.53,10.05,2.95,6.91,1.84,0.72
2019,1,2019-01-01,SPP,Southwest Power Pool,South-Central,121150438.17,128103026.77,39792436.5,32708016.01,15039935.28,22438438.19,11912614.07,2843895.9,2208338.82,1159352.0,31.06,25.53,11.74,17.52,9.3,2.22,1.72,0.91
2019,1,2019-01-01,WECC,Western Electricity Coordinating Council,Western,177042030.25,198382862.89,63197359.13,53592235.46,18898215.31,16628007.12,16533104.9,24285598.0,3398048.56,1850294.41,31.86,27.01,9.53,8.38,8.33,12.24,1.71,0.93
2019,1,2019-01-01,NY_ISO,New York ISO,Northeast,31719901.66,31362215.58,9050631.95,7972153.0,3726912.92,3632188.25,1384726.51,4599567.8,654718.34,341316.82,28.86,25.42,11.88,11.58,4.42,14.67,2.09,1.09
2019,1,2019-01-01,ISO_NE,ISO New England,Northeast,30960003.83,35010581.6,8980087.02,7476316.34,10915575.59,3065599.47,1414949.76,2326849.75,528094.63,303109.05,25.65,21.35,31.18,8.76,4.04,6.65,1.51,0.87
2019,2,2019-02-01,CAISO,California ISO,Western,39726774.4,44939649.75,14157839.29,11302737.43,4490751.55,4528049.12,3619156.47,5623985.25,803370.19,413760.45,31.5,25.15,9.99,10.08,8.05,12.51,1.79,0.92
2019,2,2019-02-01,ERCOT,ERCOT (Texas),South,58237983.45,61657322.79,18535690.74,17602876.27,7353334.76,12695405.03,2559808.54,1210734.75,1188631.91,510840.79,30.06,28.55,11.93,20.59,4.15,1.96,1.93,0.83
2019,2,2019-02-01,MISO,Midcontinent ISO,Midwest,133399505.74,121857547.59,37989963.63,35403905.38,14566406.81,15094097.45,6074914.34,8496224.5,2824521.73,1407513.75,31.18,29.05,11.95,12.39,4.99,6.97,2.32,1.16
2019,2,2019-02-01,PJM,Pennsylvania-Jersey-Maryland,Northeast,137424167.8,156732928.7,39468645.17,37196728.8,44992183.09,15932203.81,6068265.15,9113282.29,2692902.88,1268717.5,25.18,23.73,28.71,10.17,3.87,5.81,1.72,0.81
2019,2,2019-02-01,SPP,Southwest Power Pool,South-Central,102190389.56,106974068.42,32725848.41,27235437.52,12165153.77,20992344.67,9193029.28,1752457.08,1784899.73,1124897.97,30.59,25.46,11.37,19.62,8.59,1.64,1.67,1.05
2019,2,2019-02-01,WECC,Western Electricity Coordinating Council,Western,145952454.53,159608067.19,41777060.95,40906780.68,19510410.01,15371690.65,12784781.18,24525089.52,3350354.52,1381899.69,26.17,25.63,12.22,9.63,8.01,15.37,2.1,0.87
2019,2,2019-02-01,NY_ISO,New York ISO,Northeast,23514232.12,26036732.86,8153577.24,5922893.27,2658781.73,2908677.52,1059867.09,4590377.11,506172.78,236386.11,31.32,22.75,10.21,11.17,4.07,17.63,1.94,0.91
2019,2,2019-02-01,ISO_NE,ISO New England,Northeast,24031879.0,28292998.98,7812601.57,6608606.7,7543244.73,2515998.69,1088403.13,2082872.74,436860.24,204411.17,27.61,23.36,26.66,8.89,3.85,7.36,1.54,0.72
2019,3,2019-03-01,CAISO,California ISO,Western,45735318.45,53611353.68,16226302.2,13408542.66,5092767.19,5609961.15,4211494.62,7761313.62,895135.2,405837.05,30.27,25.01,9.5,10.46,7.86,14.48,1.67,0.76
2019,3,2019-03-01,ERCOT,ERCOT (Texas),South,67040962.86,65671362.34,22271084.04,16428401.92,7088053.29,13898459.5,2778157.17,1205706.42,1361782.07,639717.91,33.91,25.02,10.79,21.16,4.23,1.84,2.07,0.97
2019,3,2019-03-01,MISO,Midcontinent ISO,Midwest,151325422.42,150488915.48,52715993.31,41752073.19,20534592.91,14892243.42,5736216.54,9976986.17,3256010.19,1624799.74,35.03,27.74,13.65,9.9,3.81,6.63,2.16,1.08
2019,3,2019-03-01,PJM,Pennsylvania-Jersey-Maryland,Northeast,155132566.67,202414112.21,52506771.13,46771717.21,62029741.11,17883177.21,6032854.66,12414550.16,3375600.69,1399700.04,25.94,23.11,30.64,8.83,2.98,6.13,1.67,0.69
2019,3,2019-03-01,SPP,Southwest Power Pool,South-Central,110680262.1,126543628.21,38457167.14,34374079.81,12251464.29,25435582.86,10433787.12,2375252.35,2128078.65,1088215.98,30.39,27.16,9.68,20.1,8.25,1.88,1.68,0.86
2019,3,2019-03-01,WECC,Western Electricity Coordinating Council,Western,152385536.26,150716570.25,42449072.72,41910551.93,17360492.77,14950604.03,12828311.12,16576173.69,2985562.11,1655801.87,28.16,27.81,11.52,9.92,8.51,11.0,1.98,1.1
2019,3,2019-03-01,NY_ISO,New York ISO,Northeast,28305234.99,26514996.38,8196024.85,6885424.29,3033092.38,2984552.1,1072448.19,3487763.09,609734.81,245956.66,30.91,25.97,11.44,11.26,4.04,13.15,2.3,0.93
2019,3,2019-03-01,ISO_NE,ISO New England,Northeast,23713234.92,29786814.85,6646371.82,7521232.43,9309451.8,2752681.78,881786.11,1967557.74,437231.85,270501.32,22.31,25.25,31.25,9.24,2.96,6.61,1.47,0.91
2019,4,2019-04-01,CAISO,California ISO,Western,46547166.29,52900507.61,16282864.36,13130346.47,5889543.43,4511008.18,4546771.42,7078788.12,967266.27,493919.35,30.78,24.82,11.13,8.53,8.59,13.38,1.83,0.93
2019,4,2019-04-01,ERCOT,ERCOT (Texas),South,57090022.48,57907690.85,19447445.18,16765005.11,5900162.5,10669800.02,2366081.9,1203108.69,1003585.84,552501.61,33.58,28.95,10.19,18.43,4.09,2.08,1.73,0.95
2019,4,2019-04-01,MISO,Midcontinent ISO,Midwest,141452925.95,133805942.14,46046619.9,37655353.07,15864842.94,13281339.97,5249922.5,11930899.31,2491004.35,1285960.1,34.41,28.14,11.86,9.93,3.92,8.92,1.86,0.96
2019,4,2019-04-01,PJM,Pennsylvania-Jersey-Maryland,Northeast,138073765.48,178468595.26,44124161.32,40417448.06,54072499.93,17036724.3,5981370.94,12532939.34,3003322.09,1300129.27,24.72,22.65,30.3,9.55,3.35,7.02,1.68,0.73
2019,4,2019-04-01,SPP,Southwest Power Pool,South-Central,93409567.27,102077662.64,33983480.59,25174401.5,11966896.76,16788321.66,9910758.27,1621015.91,1741785.29,891002.66,33.29,24.66,11.72,16.45,9.71,1.59,1.71,0.87
2019,4,2019-04-01,WECC,Western Electricity Coordinating Council,Western,134338127.08,141470822.28,39052293.61,36090342.61,15789950.92,15922903.13,12986301.95,17676441.9,2690883.11,1261705.05,27.6,25.51,11.16,11.26,9.18,12.49,1.9,0.89
2019,4,2019-04-01,NY_ISO,New York ISO,Northeast,24581832.62,27411005.9,7640205.51,7397081.46,3230728.04,3033822.75,848576.84,4448422.24,542785.57,269383.49,27.87,26.99,11.79,11.07,3.1,16.23,1.98,0.98
2019,4,2019-04-01,ISO_NE,ISO New England,Northeast,23085274.48,30032281.83,7577926.59,7262385.92,9282481.36,2393930.26,789061.55,2040307.14,459242.28,226946.75,25.23,24.18,30.91,7.97,2.63,6.79,1.53,0.76
2019,5,2019-05-01,CAISO,California ISO,Western,47935945.27,51087071.75,14793691.92,13169766.63,6339964.71,5436208.54,3962196.41,5813793.99,1061920.16,509529.39,28.96,25.78,12.41,10.64,7.76,11.38,2.08,1.0
2019,5,2019-05-01,ERCOT,ERCOT (Texas),South,61887828.39,59813945.39,20400577.5,15680245.88,6790462.85,11444558.5,2511440.96,1306492.65,1144322.04,535845.02,34.11,26.22,11.35,19.13,4.2,2.18,1.91,0.9
2019,5,2019-05-01,MISO,Midcontinent ISO,Midwest,128833388.69,119887818.17,38408604.09,31969463.29,17618137.57,12376765.3,4498515.36,10957472.79,2822227.67,1236632.1,32.04,26.67,14.7,10.32,3.75,9.14,2.35,1.03
2019,5,2019-05-01,PJM,Pennsylvania-Jersey-Maryland,Northeast,137954025.43,161610303.79,43758448.82,43568462.93,41212519.84,13689341.55,4834644.08,10727651.37,2353660.01,1465575.19,27.08,26.96,25.5,8.47,2.99,6.64,1.46,0.91
2019,5,2019-05-01,SPP,Southwest Power Pool,South-Central,106576531.47,119567535.66,37966560.27,33121626.42,11559409.25,21633920.85,10344415.35,1996073.48,1938487.04,1007043.01,31.75,27.7,9.67,18.09,8.65,1.67,1.62,0.84
2019,5,2019-05-01,WECC,Western Electricity Coordinating Council,Western,143692396.54,161403252.6,50112833.83,34789441.77,19048488.15,14164087.31,12775610.28,26105322.38,2804764.4,1602704.48,31.05,21.55,11.8,8.78,7.92,16.17,1.74,0.99
2019,5,2019-05-01,NY_ISO,New York ISO,Northeast,29277574.86,30604569.85,8850625.85,8812952.94,3270109.8,3542057.31,1193717.49,4059620.73,576029.43,299456.29,28.92,28.8,10.69,11.57,3.9,13.26,1.88,0.98
2019,5,2019-05-01,ISO_NE,ISO New England,Northeast,24334379.57,32004173.38,8138442.27,7599349.6,9752709.03,2775956.63,1110527.61,1823638.31,533157.43,270392.5,25.43,23.74,30.47,8.67,3.47,5.7,1.67,0.84
2019,6,2019-06-01,CAISO,California ISO,Western,42256275.24,43742079.61,11592331.09,11007204.95,5688538.77,4191289.11,4302118.03,5846806.05,736714.87,377076.74,26.5,25.16,13.0,9.58,9.84,13.37,1.68,0.86
2019,6,2019-06-01,ERCOT,ERCOT (Texas),South,55840718.24,56805280.5,17958920.67,13513045.63,7417868.28,13097769.07,2276518.71,956710.67,1065749.39,518698.08,31.61,23.79,13.06,23.06,4.01,1.68,1.88,0.91
2019,6,2019-06-01,MISO,Midcontinent ISO,Midwest,146574396.21,145373371.69,45597036.76,41927165.83,19790246.96,16525768.41,6188502.8,11149918.25,2657647.77,1537084.92,31.37,28.84,13.61,11.37,4.26,7.67,1.83,1.06
2019,6,2019-06-01,PJM,Pennsylvania-Jersey-Maryland,Northeast,141296714.34,171683633.67,49649287.49,33988629.19,53472852.51,14163788.14,6252268.43,9866112.44,2739920.42,1550775.05,28.92,19.8,31.15,8.25,3.64,5.75,1.6,0.9
2019,6,2019-06-01,SPP,Southwest Power Pool,South-Central,104280458.72,117802223.42,37851382.56,32830979.56,11680142.5,20017042.36,9800022.37,2671148.77,1968692.42,982812.88,32.13,27.87,9.92,16.99,8.32,2.27,1.67,0.83
2019,6,2019-06-01,WECC,Western Electricity Coordinating Council,Western,161559792.07,177508746.2,54739312.81,39394090.63,16812351.16,19313422.46,16469751.83,26093827.26,3110199.11,1575790.93,30.84,22.19,9.47,10.88,9.28,14.7,1.75,0.89
2019,6,2019-06-01,NY_ISO,New York ISO,Northeast,28597484.78,28741992.52,9481578.45,6874130.7,3778660.75,3504568.15,994613.94,3295628.75,532250.33,280561.45,32.99,23.92,13.15,12.19,3.46,11.47,1.85,0.98
2019,6,2019-06-01,ISO_NE,ISO New England,Northeast,22589584.57,25283176.05,6835888.22,5891127.4,6774681.07,2278138.13,770112.72,2028060.37,485626.0,219542.13,27.04,23.3,26.8,9.01,3.05,8.02,1.92,0.87
2019,7,2019-07-01,CAISO,California ISO,Western,53254752.52,60750668.87,18970116.02,13454669.76,7215945.78,5908787.71,5522421.04,8009979.64,1129899.52,538849.39,31.23,22.15,11.88,9.73,9.09,13.19,1.86,0.89
2019,7,2019-07-01,ERCOT,ERCOT (Texas),South,78041712.97,79026039.24,23789400.03,23576693.86,10181654.16,14486911.0,3126763.94,1375125.33,1634075.08,855415.84,30.1,29.83,12.88,18.33,3.96,1.74,2.07,1.08
2019,7,2019-07-01,MISO,Midcontinent ISO,Midwest,176235587.19,182592169.67,63747919.48,52900527.4,18056159.77,18312583.53,7613779.62,17235897.63,3067450.68,1657851.57,34.91,28.97,9.89,10.03,4.17,9.44,1.68,0.91
2019,7,2019-07-01,PJM,Pennsylvania-Jersey-Maryland,Northeast,175556986.37,217972536.89,56194664.47,54697375.15,59254962.29,21959629.81,7183878.48,14006492.19,3128125.71,1547408.79,25.78,25.09,27.18,10.07,3.3,6.43,1.44,0.71
2019,7,2019-07-01,SPP,Southwest Power Pool,South-Central,122466609.16,130923722.88,42689621.24,30153997.96,13364320.48,25833096.57,12352089.83,2575731.48,2805439.84,1149425.47,32.61,23.03,10.21,19.73,9.43,1.97,2.14,0.88
2019,7,2019-07-01,WECC,Western Electricity Coordinating Council,Western,196197793.69,215343954.49,71282359.76,47312272.95,21328640.94,19188789.77,20526400.43,29551252.25,4302119.63,1852118.75,33.1,21.97,9.9,8.91,9.53,13.72,2.0,0.86
2019,7,2019-07-01,NY_ISO,New York ISO,Northeast,31974873.28,32560000.03,10271894.89,8258662.36,3738545.05,3687879.35,1197846.22,4398088.14,709203.92,297880.11,31.55,25.36,11.48,11.33,3.68,13.51,2.18,0.91
2019,7,2019-07-01,ISO_NE,ISO New England,Northeast,32108136.14,39516523.16,11131305.42,8380725.29,10663413.3,3892857.15,1472719.94,2923786.35,709631.4,342084.3,28.17,21.21,26.98,9.85,3.73,7.4,1.8,0.87
2019,8,2019-08-01,CAISO,California ISO,Western,46859084.98,48666579.95,13676994.32,12379718.29,5259959.54,5111117.03,4493336.0,6413399.47,899612.5,432442.79,28.1,25.44,10.81,10.5,9.23,13.18,1.85,0.89
2019,8,2019-08-01,ERCOT,ERCOT (Texas),South,58910104.5,61622305.17,18768463.43,16309570.47,8047535.18,13108520.69,2401466.95,1004375.22,1352442.57,629930.67,30.46,26.47,13.06,21.27,3.9,1.63,2.19,1.02
2019,8,2019-08-01,MISO,Midcontinent ISO,Midwest,148862820.16,149236275.23,49948438.94,43079777.4,19679097.89,15950211.4,5571483.02,10869965.87,2778810.5,1358490.21,33.47,28.87,13.19,10.69,3.73,7.28,1.86,0.91
2019,8,2019-08-01,PJM,Pennsylvania-Jersey-Maryland,Northeast,146741295.8,173248977.5,46276638.71,38021835.23,48519431.81,16149603.67,5568343.31,13741794.67,3371885.44,1599444.67,26.71,21.95,28.01,9.32,3.21,7.93,1.95,0.92
2019,8,2019-08-01,SPP,Southwest Power Pool,South-Central,116332051.64,117634450.78,33601220.59,31664144.06,12468932.7,23843359.32,10417228.37,2183202.64,2440176.14,1016186.96,28.56,26.92,10.6,20.27,8.86,1.86,2.07,0.86
2019,8,2019-08-01,WECC,Western Electricity Coordinating Council,Western,159351665.13,163384964.85,44551628.58,44149066.01,20358980.0,18615392.73,13962214.22,16929479.83,3215089.71,1603113.77,27.27,27.02,12.46,11.39,8.55,10.36,1.97,0.98
2019,8,2019-08-01,NY_ISO,New York ISO,Northeast,29069790.04,30939034.78,8592854.53,9045085.12,4009592.68,2955878.67,1109582.74,4365299.4,580023.14,280718.51,27.77,29.24,12.96,9.55,3.59,14.11,1.87,0.91
2019,8,2019-08-01,ISO_NE,ISO New England,Northeast,27352657.28,33784630.79,8748865.69,8603253.04,9866660.41,2930915.01,1196551.56,1652443.99,532743.52,253197.56,25.9,25.46,29.2,8.68,3.54,4.89,1.58,0.75
2019,9,2019-09-01,CAISO,California ISO,Western,40809461.95,43839623.08,12492397.04,10627781.54,4314884.08,4484901.05,3682643.49,7064053.56,714037.52,458924.79,28.5,24.24,9.84,10.23,8.4,16.11,1.63,1.05
2019,9,2019-09-01,ERCOT,ERCOT (Texas),South,63220217.74,64628999.02,19040149.61,18832322.45,7929615.68,12624810.24,2863524.09,1271960.5,1402618.33,663998.13,29.46,29.14,12.27,19.53,4.43,1.97,2.17,1.03
2019,9,2019-09-01,MISO,Midcontinent ISO,Midwest,147390866.3,144643611.52,44925950.93,43957793.96,16674471.86,14490071.65,6639479.32,13912384.38,2725340.16,1318119.27,31.06,30.39,11.53,10.02,4.59,9.62,1.88,0.91
2019,9,2019-09-01,PJM,Pennsylvania-Jersey-Maryland,Northeast,156344435.59,185972911.97,49055449.48,44038331.73,54712026.31,17440603.54,5618013.14,10632743.64,2758263.39,1717480.75,26.38,23.68,29.42,9.38,3.02,5.72,1.48,0.92
2019,9,2019-09-01,SPP,Southwest Power Pool,South-Central,97599954.62,102021480.21,30858256.23,25818635.7,11109847.31,19833906.59,8682549.63,2615633.5,2069134.91,1033516.34,30.25,25.31,10.89,19.44,8.51,2.56,2.03,1.01
2019,9,2019-09-01,WECC,Western Electricity Coordinating Council,Western,161369914.72,187219926.3,58380069.42,43355606.3,21231620.79,18264015.84,15271320.57,25993355.34,3179548.95,1544389.09,31.18,23.16,11.34,9.76,8.16,13.88,1.7,0.82
2019,9,2019-09-01,NY_ISO,New York ISO,Northeast,27067175.69,28418313.8,7649863.29,7965730.2,3474160.28,2667395.67,1132108.91,4719509.35,574901.69,234644.41,26.92,28.03,12.23,9.39,3.98,16.61,2.02,0.83
2019,9,2019-09-01,ISO_NE,ISO New England,Northeast,25999314.32,33956663.24,8761378.74,7805216.09,10318424.29,3067816.26,1067905.78,2126731.31,541866.81,267323.96,25.8,22.99,30.39,9.03,3.14,6.26,1.6,0.79
2019,10,2019-10-01,CAISO,California ISO,Western,49051726.71,51824770.56,17284232.32,12041353.59,6260710.58,5433861.44,4092047.36,5312294.97,951538.71,448731.58,33.35,23.23,12.08,10.49,7.9,10.25,1.84,0.87
2019,10,2019-10-01,ERCOT,ERCOT (Texas),South,60969691.7,64124714.95,19416430.12,19322790.03,6297530.13,13924623.51,2194590.28,1224675.59,1138008.25,606067.04,30.28,30.13,9.82,21.71,3.42,1.91,1.77,0.95
2019,10,2019-10-01,MISO,Midcontinent ISO,Midwest,134276287.89,136151586.95,38557843.4,40635604.65,17882753.92,16791800.19,4838888.12,13039116.97,3021663.83,1383915.88,28.32,29.85,13.13,12.33,3.55,9.58,2.22,1.02
2019,10,2019-10-01,PJM,Pennsylvania-Jersey-Maryland,Northeast,132086480.15,161667813.69,47445059.46,34642203.04,45327903.96,16168120.75,5455718.82,8856054.11,2324102.51,1448651.02,29.35,21.43,28.04,10.0,3.37,5.48,1.44,0.9
2019,10,2019-10-01,SPP,Southwest Power Pool,South-Central,99418314.95,104443844.82,28988330.97,27130524.66,13406098.92,20146219.39,8995227.09,2472634.24,2248645.82,1056163.74,27.75,25.98,12.84,19.29,8.61,2.37,2.15,1.01
2019,10,2019-10-01,WECC,Western Electricity Coordinating Council,Western,155463830.52,182732963.12,48211017.07,48453185.04,20220049.62,18185539.3,15362536.89,27397867.27,3448076.81,1454691.13,26.38,26.52,11.07,9.95,8.41,14.99,1.89,0.8
2019,10,2019-10-01,NY_ISO,New York ISO,Northeast,28560902.31,29524700.19,8897690.34,7567991.4,3195027.17,3507961.98,1137196.98,4362193.25,612789.6,243849.47,30.14,25.63,10.82,11.88,3.85,14.77,2.08,0.83
2019,10,2019-10-01,ISO_NE,ISO New England,Northeast,26229341.09,31297464.62,7306518.37,8391433.86,8696199.91,3016190.96,1097395.55,1990425.57,566410.37,232890.04,23.35,26.81,27.79,9.64,3.51,6.36,1.81,0.74
2019,11,2019-11-01,CAISO,California ISO,Western,40854783.12,43719384.97,12613003.77,10282068.39,5556669.44,5039026.67,3766737.34,5274464.0,785505.58,401909.78,28.85,23.52,12.71,11.53,8.62,12.06,1.8,0.92
2019,11,2019-11-01,ERCOT,ERCOT (Texas),South,57087481.67,57780821.96,18054407.17,16514590.7,6831317.34,10850433.32,2241560.51,1408219.64,1288534.46,591758.81,31.25,28.58,11.82,18.78,3.88,2.44,2.23,1.02
2019,11,2019-11-01,MISO,Midcontinent ISO,Midwest,144994524.92,132261296.73,39594212.53,45209397.19,15457771.43,13623414.91,5537959.3,8828633.16,2694200.37,1315707.83,29.94,34.18,11.69,10.3,4.19,6.68,2.04,0.99
2019,11,2019-11-01,PJM,Pennsylvania-Jersey-Maryland,Northeast,140320464.91,170779537.29,41912424.78,41000082.44,55132830.12,14044289.97,5587895.74,8655286.19,2938384.42,1508343.63,24.54,24.01,32.28,8.22,3.27,5.07,1.72,0.88
2019,11,2019-11-01,SPP,Southwest Power Pool,South-Central,98026595.68,106460789.84,33594159.38,26157113.77,11598513.57,20971839.5,9030749.17,2074486.66,2159914.97,874012.82,31.56,24.57,10.89,19.7,8.48,1.95,2.03,0.82
2019,11,2019-11-01,WECC,Western Electricity Coordinating Council,Western,147465740.98,158715693.41,41920287.3,41569348.12,15618995.93,18141631.12,13703967.58,23333764.95,2930615.4,1497083.01,26.41,26.19,9.84,11.43,8.63,14.7,1.85,0.94
2019,11,2019-11-01,NY_ISO,New York ISO,Northeast,25860291.41,26504092.71,7453131.73,7635214.01,2968778.2,2755321.26,1135311.86,3768883.08,529733.28,257719.3,28.12,28.81,11.2,10.4,4.28,14.22,2.0,0.97
2019,11,2019-11-01,ISO_NE,ISO New England,Northeast,24127093.05,28901567.38,7410647.57,7083719.41,8019343.42,2797044.01,917781.79,1923317.33,490210.84,259503.0,25.64,24.51,27.75,9.68,3.18,6.65,1.7,0.9
2019,12,2019-12-01,CAISO,California ISO,Western,51000077.75,53933493.01,14421258.71,14691226.68,5706314.91,5943170.31,4964917.36,6781155.32,909598.87,515850.86,26.74,27.24,10.58,11.02,9.21,12.57,1.69,0.96
2019,12,2019-12-01,ERCOT,ERCOT (Texas),South,62629923.35,60659074.73,17393321.18,16244493.84,7035526.13,14135818.01,2850809.48,1282453.75,1091462.29,625190.06,28.67,26.78,11.6,23.3,4.7,2.11,1.8,1.03
2019,12,2019-12-01,MISO,Midcontinent ISO,Midwest,143849797.19,135733708.35,47510712.04,37048007.9,15393404.08,17619775.23,5617085.39,8358607.64,2913607.42,1272508.66,35.0,27.29,11.34,12.98,4.14,6.16,2.15,0.94
2019,12,2019-12-01,PJM,Pennsylvania-Jersey-Maryland,Northeast,158964535.7,183997305.19,44237194.32,41229936.12,53614979.1,16936748.54,6891316.82,16072822.51,3616934.07,1397373.71,24.04,22.41,29.14,9.2,3.75,8.74,1.97,0.76
2019,12,2019-12-01,SPP,Southwest Power Pool,South-Central,102214690.92,107915054.15,35589462.65,26372211.22,11852618.93,18500469.31,10830462.74,2060642.6,1825621.84,883564.86,32.98,24.44,10.98,17.14,10.04,1.91,1.69,0.82
2019,12,2019-12-01,WECC,Western Electricity Coordinating Council,Western,169846997.74,186871294.52,56561139.87,52160612.92,17634060.92,16273910.59,14247369.11,24534159.71,3868700.71,1591340.7,30.27,27.91,9.44,8.71,7.62,13.13,2.07,0.85
2019,12,2019-12-01,NY_ISO,New York ISO,Northeast,29075263.17,30191904.03,9379664.64,8548054.25,3025840.16,3027040.75,1329333.54,3954624.81,593365.07,333980.81,31.07,28.31,10.02,10.03,4.4,13.1,1.97,1.11
2019,12,2019-12-01,ISO_NE,ISO New England,Northeast,25998324.75,29800761.02,7631391.57,6408043.04,9310491.78,2761294.3,890258.71,2020518.7,524353.09,254409.83,25.61,21.5,31.24,9.27,2.99,6.78,1.76,0.85
2020,1,2020-01-01,CAISO,California ISO,Western,51335084.61,53693713.63,13798305.9,13072176.12,5445037.86,6337456.28,6440215.31,7271876.81,881661.69,446983.66,25.7,24.35,10.14,11.8,11.99,13.54,1.64,0.83
2020,1,2020-01-01,ERCOT,ERCOT (Texas),South,70278903.18,72841126.03,24353452.21,18018148.36,8761363.92,14603135.27,3296704.05,1563204.3,1510013.28,735104.65,33.43,24.74,12.03,20.05,4.53,2.15,2.07,1.01
2020,1,2020-01-01,MISO,Midcontinent ISO,Midwest,161767099.05,149341510.11,43612422.17,40324629.86,18417149.7,17912391.16,9198144.24,14638130.02,3430926.77,1807716.2,29.2,27.0,12.33,11.99,6.16,9.8,2.3,1.21
2020,1,2020-01-01,PJM,Pennsylvania-Jersey-Maryland,Northeast,166213710.75,195431606.63,57260750.36,43559817.6,53489173.9,16969765.05,7434321.98,12004331.02,3036784.42,1676662.3,29.3,22.29,27.37,8.68,3.8,6.14,1.55,0.86
2020,1,2020-01-01,SPP,Southwest Power Pool,South-Central,144790370.84,174424235.64,50697689.2,46064984.23,15772385.17,37196922.6,16939514.73,3273743.45,3048498.59,1430497.66,29.07,26.41,9.04,21.33,9.71,1.88,1.75,0.82
2020,1,2020-01-01,WECC,Western Electricity Coordinating Council,Western,193475554.77,215892350.5,62288270.06,53633052.36,23535221.2,23258440.09,19910672.26,27350806.25,3976136.83,1939751.45,28.85,24.84,10.9,10.77,9.22,12.67,1.84,0.9
2020,1,2020-01-01,NY_ISO,New York ISO,Northeast,29857922.54,33030383.06,9447825.49,8925369.18,3209893.16,3608590.48,1333530.05,5656742.75,576101.73,272330.22,28.6,27.02,9.72,10.93,4.04,17.13,1.74,0.82
2020,1,2020-01-01,ISO_NE,ISO New England,Northeast,34241546.91,42757191.69,11154361.91,10938309.02,10752292.73,4356332.87,1523699.6,2940281.37,712735.3,379178.89,26.09,25.58,25.15,10.19,3.56,6.88,1.67,0.89
2020,2,2020-02-01,CAISO,California ISO,Western,43727616.69,45948059.74,11619569.96,11343479.44,5609972.11,5230323.53,4707401.91,6229476.35,778825.8,429010.64,25.29,24.69,12.21,11.38,10.25,13.56,1.7,0.93
2020,2,2020-02-01,ERCOT,ERCOT (Texas),South,59538999.58,64065815.24,19401660.94,17555475.45,6994447.76,14650953.27,2771015.5,883295.52,1293717.5,515249.3,30.28,27.4,10.92,22.87,4.33,1.38,2.02,0.8
2020,2,2020-02-01,MISO,Midcontinent ISO,Midwest,126755032.52,120332410.46,33387096.98,36656275.35,15468302.71,14581350.49,7187645.27,8844696.44,2875663.5,1331379.73,27.75,30.46,12.85,12.12,5.97,7.35,2.39,1.11
2020,2,2020-02-01,PJM,Pennsylvania-Jersey-Maryland,Northeast,129215133.73,153578288.71,35850195.04,35861410.31,45956517.87,16616613.02,6365258.71,9472347.75,2238822.99,1217123.02,23.34,23.35,29.92,10.82,4.14,6.17,1.46,0.79
2020,2,2020-02-01,SPP,Southwest Power Pool,South-Central,91327303.51,102520081.41,26665642.2,26298196.08,11473633.09,21710748.18,11412705.11,2073432.15,2002160.97,883563.63,26.01,25.65,11.19,21.18,11.13,2.02,1.95,0.86
2020,2,2020-02-01,WECC,Western Electricity Coordinating Council,Western,129766786.12,132206214.55,34340951.02,35315887.89,13683224.15,13263344.36,13656679.78,18403103.64,2263259.36,1279764.34,25.98,26.71,10.35,10.03,10.33,13.92,1.71,0.97
2020,2,2020-02-01,NY_ISO,New York ISO,Northeast,22439454.48,24307746.45,6799753.33,7016111.08,2954616.22,2307071.0,1222152.36,3304469.62,500797.37,202775.47,27.97,28.86,12.16,9.49,5.03,13.59,2.06,0.83
2020,2,2020-02-01,ISO_NE,ISO New England,Northeast,24080119.4,29779276.01,7107107.09,6737639.08,9391455.31,2762522.72,1185718.89,1851570.23,536323.33,206939.35,23.87,22.63,31.54,9.28,3.98,6.22,1.8,0.69
2020,3,2020-03-01,CAISO,California ISO,Western,42839635.64,48108666.92,13497465.62,11901891.51,4682374.29,5597665.13,4661981.12,6402624.25,909236.91,455428.09,28.06,24.74,9.73,11.64,9.69,13.31,1.89,0.95
2020,3,2020-03-01,ERCOT,ERCOT (Texas),South,62734329.8,69394603.85,21656410.59,18539939.58,8322189.49,14483535.71,3126150.28,1352750.36,1198955.41,714672.42,31.21,26.72,11.99,20.87,4.5,1.95,1.73,1.03
2020,3,2020-03-01,MISO,Midcontinent ISO,Midwest,146196206.33,140669489.84,43531624.08,39114603.3,15240519.28,15063383.89,7578731.9,15311026.15,3227833.33,1601767.9,30.95,27.81,10.83,10.71,5.39,10.88,2.29,1.14
2020,3,2020-03-01,PJM,Pennsylvania-Jersey-Maryland,Northeast,152445198.02,185365238.55,50040532.26,43169756.7,49987002.05,19065899.86,6837344.7,11515363.88,3188279.14,1561059.97,27.0,23.29,26.97,10.29,3.69,6.21,1.72,0.84
2020,3,2020-03-01,SPP,Southwest Power Pool,South-Central,105082069.07,113211019.06,28010207.84,33502808.35,12688389.7,22400279.52,11329947.86,2075390.14,2279229.19,924766.46,24.74,29.59,11.21,19.79,10.01,1.83,2.01,0.82
2020,3,2020-03-01,WECC,Western Electricity Coordinating Council,Western,171213725.65,201825202.78,53606498.89,56032305.08,21800667.29,23206255.59,19815684.49,21702736.38,3896723.93,1764331.14,26.56,27.76,10.8,11.5,9.82,10.75,1.93,0.87
2020,3,2020-03-01,NY_ISO,New York ISO,Northeast,29666756.08,31947574.73,8351432.85,9576946.97,4067502.71,3164365.9,1366009.13,4444641.29,655052.33,321623.55,26.14,29.98,12.73,9.9,4.28,13.91,2.05,1.01
2020,3,2020-03-01,ISO_NE,ISO New England,Northeast,27693131.51,34731744.64,8200034.2,8500051.74,10267515.36,3229508.92,1181023.18,2601180.12,509373.58,243057.55,23.61,24.47,29.56,9.3,3.4,7.49,1.47,0.7
2020,4,2020-04-01,CAISO,California ISO,Western,48911499.57,58358681.86,16353574.75,15893985.69,5249917.25,4990263.53,5361058.81,8989478.88,1058183.39,462219.57,28.02,27.23,9.0,8.55,9.19,15.4,1.81,0.79
2020,4,2020-04-01,ERCOT,ERCOT (Texas),South,58309117.09,59607068.87,15997931.78,16977148.8,6026189.68,15312569.71,2608299.37,1033770.32,1010497.55,640661.67,26.84,28.48,10.11,25.69,4.38,1.73,1.7,1.07
2020,4,2020-04-01,MISO,Midcontinent ISO,Midwest,138992757.65,133598643.82,36525795.15,38130419.09,17944669.59,15206222.9,7056184.42,14595915.42,2786554.77,1352882.49,27.34,28.54,13.43,11.38,5.28,10.93,2.09,1.01
2020,4,2020-04-01,PJM,Pennsylvania-Jersey-Maryland,Northeast,155815804.06,207623874.6,53014131.83,51504463.36,57443715.78,18724659.46,8743040.03,13527782.4,2945428.75,1720652.99,25.53,24.81,27.67,9.02,4.21,6.52,1.42,0.83
2020,4,2020-04-01,SPP,Southwest Power Pool,South-Central,98361642.61,110281481.36,27175190.9,32247912.16,11526507.21,22759561.39,11899132.37,1817716.35,1942102.03,913358.95,24.64,29.24,10.45,20.64,10.79,1.65,1.76,0.83
2020,4,2020-04-01,WECC,Western Electricity Coordinating Council,Western,149769058.1,171047423.97,48895635.38,38665709.04,18651573.72,19662300.98,17405376.05,22877390.13,3379765.54,1509673.13,28.59,22.61,10.9,11.5,10.18,13.37,1.98,0.88
2020,4,2020-04-01,NY_ISO,New York ISO,Northeast,26127908.6,28063698.73,8271565.05,8070498.67,3378387.98,2814488.52,1200730.21,3526299.06,505461.9,296267.34,29.47,28.76,12.04,10.03,4.28,12.57,1.8,1.06
2020,4,2020-04-01,ISO_NE,ISO New England,Northeast,25898895.17,30984949.65,6839181.3,6849081.18,10336351.74,2648940.73,1185500.49,2399662.64,495814.03,230417.53,22.07,22.1,33.36,8.55,3.83,7.74,1.6,0.74
2020,5,2020-05-01,CAISO,California ISO,Western,49050212.53,57868562.61,15836289.94,16182167.82,6137132.05,6049173.14,5787112.91,6470318.34,848418.94,557949.48,27.37,27.96,10.61,10.45,10.0,11.18,1.47,0.96
2020,5,2020-05-01,ERCOT,ERCOT (Texas),South,59203489.38,61371594.29,20238486.91,15239708.57,7598975.66,12523620.75,2778045.82,1267781.94,1081164.33,643810.32,32.98,24.83,12.38,20.41,4.53,2.07,1.76,1.05
2020,5,2020-05-01,MISO,Midcontinent ISO,Midwest,152149227.53,150568263.4,43593355.08,44958310.83,16321061.13,19465696.52,7504857.2,13796730.67,3340570.6,1587681.37,28.95,29.86,10.84,12.93,4.98,9.16,2.22,1.05
2020,5,2020-05-01,PJM,Pennsylvania-Jersey-Maryland,Northeast,143910377.65,177050588.97,39990606.81,46179485.69,55576320.87,14745109.69,6333265.96,10062076.48,2649486.48,1514236.99,22.59,26.08,31.39,8.33,3.58,5.68,1.5,0.86
2020,5,2020-05-01,SPP,Southwest Power Pool,South-Central,108681848.65,126085198.91,36834276.18,32898965.95,13674638.25,25855921.21,11526173.92,1874967.66,2342775.24,1077480.5,29.21,26.09,10.85,20.51,9.14,1.49,1.86,0.85
2020,5,2020-05-01,WECC,Western Electricity Coordinating Council,Western,163135549.1,184162542.55,48668075.37,49048266.22,19886262.47,19869912.91,17934460.05,23656304.22,3277920.76,1821340.55,26.43,26.63,10.8,10.79,9.74,12.85,1.78,0.99
2020,5,2020-05-01,NY_ISO,New York ISO,Northeast,25871898.03,28440867.48,7477205.98,7838432.71,3501757.81,3262591.31,1280266.52,4272082.93,579181.01,229349.22,26.29,27.56,12.31,11.47,4.5,15.02,2.04,0.81
2020,5,2020-05-01,ISO_NE,ISO New England,Northeast,27750156.89,35061190.8,7533490.79,9094793.12,9724016.14,3730127.59,1484565.72,2694811.05,541731.39,257655.01,21.49,25.94,27.73,10.64,4.23,7.69,1.55,0.73
2020,6,2020-06-01,CAISO,California ISO,Western,48891045.03,51546210.59,13497933.16,14031948.02,6231898.45,5008492.22,5580766.21,5708507.37,992320.47,494344.69,26.19,27.22,12.09,9.72,10.83,11.07,1.93,0.96
2020,6,2020-06-01,ERCOT,ERCOT (Texas),South,66866050.6,74601480.14,21154033.25,21222581.39,7579842.63,17335027.82,3843248.18,1360516.62,1363825.12,742405.13,28.36,28.45,10.16,23.24,5.15,1.82,1.83,1.0
2020,6,2020-06-01,MISO,Midcontinent ISO,Midwest,134356999.08,145330353.48,45288033.31,43760023.88,16891533.61,17251281.68,7332305.73,10850371.91,2428203.14,1528600.21,31.16,30.11,11.62,11.87,5.05,7.47,1.67,1.05
2020,6,2020-06-01,PJM,Pennsylvania-Jersey-Maryland,Northeast,138866605.74,166716041.66,48626791.05,34866554.58,41973736.76,16745570.64,6907947.33,12969595.53,3046546.66,1579299.11,29.17,20.91,25.18,10.04,4.14,7.78,1.83,0.95
2020,6,2020-06-01,SPP,Southwest Power Pool,South-Central,112763319.28,124835763.33,30712800.8,30959569.75,15188421.32,29380453.88,12949695.91,2345597.24,2142357.9,1156866.54,24.6,24.8,12.17,23.54,10.37,1.88,1.72,0.93
2020,6,2020-06-01,WECC,Western Electricity Coordinating Council,Western,149501688.59,164186483.35,40999528.17,37732029.16,18889379.69,17597848.6,19730434.32,25212062.18,2655484.9,1369716.35,24.97,22.98,11.5,10.72,12.02,15.36,1.62,0.83
2020,6,2020-06-01,NY_ISO,New York ISO,Northeast,28226448.46,29349928.13,9017761.2,6970954.18,3439504.56,3230759.01,1549832.44,4349345.42,519358.02,272413.3,30.72,23.75,11.72,11.01,5.28,14.82,1.77,0.93
2020,6,2020-06-01,ISO_NE,ISO New England,Northeast,27257180.96,34210081.07,8257076.48,8382862.13,9424472.24,3471933.22,1439914.24,2363493.39,614950.25,255379.12,24.14,24.5,27.55,10.15,4.21,6.91,1.8,0.75
2020,7,2020-07-01,CAISO,California ISO,Western,55731229.94,60594750.33,16274938.56,16638197.82,6467411.52,6621161.89,5685265.0,7384558.46,960564.61,562652.46,26.86,27.46,10.67,10.93,9.38,12.19,1.59,0.93
2020,7,2020-07-01,ERCOT,ERCOT (Texas),South,75908072.37,84240888.06,26745003.02,22649187.03,7827697.86,19421942.21,3868227.61,1486782.53,1467098.35,774949.45,31.75,26.89,9.29,23.06,4.59,1.76,1.74,0.92
2020,7,2020-07-01,MISO,Midcontinent ISO,Midwest,176308966.53,168486965.83,50432907.02,45700256.1,20993951.56,22415633.33,7535423.33,15870782.17,3978835.07,1559177.25,29.93,27.12,12.46,13.3,4.47,9.42,2.36,0.93
2020,7,2020-07-01,PJM,Pennsylvania-Jersey-Maryland,Northeast,193409565.87,226543899.9,62197170.24,48416741.65,63460421.41,20905718.84,9588678.31,16001600.32,4192834.29,1780734.84,27.45,21.37,28.01,9.23,4.23,7.06,1.85,0.79
2020,7,2020-07-01,SPP,Southwest Power Pool,South-Central,140954030.8,166839491.74,43895933.86,45629020.74,19379481.36,31570187.65,19315175.08,2786220.71,3000074.5,1263397.84,26.31,27.35,11.62,18.92,11.58,1.67,1.8,0.76
2020,7,2020-07-01,WECC,Western Electricity Coordinating Council,Western,194331073.75,226804328.0,59505118.83,61777033.72,25371828.57,23205698.7,24734919.86,26699681.93,3734966.76,1775079.63,26.24,27.24,11.19,10.23,10.91,11.77,1.65,0.78
2020,7,2020-07-01,NY_ISO,New York ISO,Northeast,31023441.26,34331335.31,9554318.21,9943024.16,4114138.32,4240821.0,1351324.35,4197229.72,579348.81,351130.74,27.83,28.96,11.98,12.35,3.94,12.23,1.69,1.02
2020,7,2020-07-01,ISO_NE,ISO New England,Northeast,31696260.2,40808649.21,8719540.33,10414890.61,12414351.67,4363657.57,1376681.54,2518394.21,637756.93,363376.35,21.37,25.52,30.42,10.69,3.37,6.17,1.56,0.89
2020,8,2020-08-01,CAISO,California ISO,Western,48448024.27,53489285.96,16503985.87,12291871.45,4968316.63,5349972.04,5332552.12,7638078.76,899561.63,504947.46,30.85,22.98,9.29,10.0,9.97,14.28,1.68,0.94
2020,8,2020-08-01,ERCOT,ERCOT (Texas),South,65589010.09,64505959.56,17428613.07,17583506.22,7434779.81,15483410.39,3142671.28,1433565.99,1303268.36,696144.44,27.02,27.26,11.53,24.0,4.87,2.22,2.02,1.08
2020,8,2020-08-01,MISO,Midcontinent ISO,Midwest,147799069.75,138351561.96,39093745.67,38864134.36,17379383.65,16252986.04,7007490.16,15457036.54,2640129.42,1656656.12,28.26,28.09,12.56,11.75,5.06,11.17,1.91,1.2
2020,8,2020-08-01,PJM,Pennsylvania-Jersey-Maryland,Northeast,156643872.53,188072650.43,42502910.78,46155517.43,54377719.92,20039631.23,8269169.05,11969403.66,2987629.28,1770669.07,22.6,24.54,28.91,10.66,4.4,6.36,1.59,0.94
2020,8,2020-08-01,SPP,Southwest Power Pool,South-Central,118654867.24,136542020.05,39655011.2,35074946.8,13732602.94,28512980.06,13187492.73,2658875.99,2522276.83,1197833.49,29.04,25.69,10.06,20.88,9.66,1.95,1.85,0.88
2020,8,2020-08-01,WECC,Western Electricity Coordinating Council,Western,166086445.06,176961984.88,49993462.88,44394574.57,17511928.11,21557458.57,18870089.29,19285095.52,3735031.94,1614343.99,28.25,25.09,9.9,12.18,10.66,10.9,2.11,0.91
2020,8,2020-08-01,NY_ISO,New York ISO,Northeast,29305184.4,31069561.75,8530272.92,8510727.0,3076551.72,3122347.0,1529884.42,5383344.09,633942.07,282492.52,27.46,27.39,9.9,10.05,4.92,17.33,2.04,0.91
2020,8,2020-08-01,ISO_NE,ISO New England,Northeast,25499340.76,30447123.26,8199210.21,7705066.82,7906463.27,2651689.44,1279014.43,1959901.19,501126.35,244651.55,26.93,25.31,25.97,8.71,4.2,6.44,1.65,0.8
2020,9,2020-09-01,CAISO,California ISO,Western,42504262.9,49050273.1,12285871.92,14097911.84,5013686.0,4397888.78,5568935.46,6523725.85,758806.65,403446.6,25.05,28.74,10.22,8.97,11.35,13.3,1.55,0.82
2020,9,2020-09-01,ERCOT,ERCOT (Texas),South,55236803.59,55599702.3,16799994.21,14990029.39,5972562.98,12292410.61,3164207.55,833492.98,1009147.87,537856.71,30.22,26.96,10.74,22.11,5.69,1.5,1.82,0.97
2020,9,2020-09-01,MISO,Midcontinent ISO,Midwest,126436548.86,114239436.84,34300568.2,35300713.72,14227435.1,14324012.11,5421513.93,7285831.55,2262926.32,1116435.91,30.03,30.9,12.45,12.54,4.75,6.38,1.98,0.98
2020,9,2020-09-01,PJM,Pennsylvania-Jersey-Maryland,Northeast,147808177.82,189487379.26,40208942.08,46629354.91,57809562.91,17936884.62,7792645.47,14467969.36,3130615.41,1511404.51,21.22,24.61,30.51,9.47,4.11,7.64,1.65,0.8
2020,9,2020-09-01,SPP,Southwest Power Pool,South-Central,96189978.71,108657546.16,30746823.56,28878489.69,12020320.12,19437527.37,12801911.04,1834246.27,1897318.72,1040909.4,28.3,26.58,11.06,17.89,11.78,1.69,1.75,0.96
2020,9,2020-09-01,WECC,Western Electricity Coordinating Council,Western,159723186.03,179476782.82,47493367.02,42444374.21,18718082.64,19634915.37,20338441.7,25700719.78,3314893.63,1831988.46,26.46,23.65,10.43,10.94,11.33,14.32,1.85,1.02
2020,9,2020-09-01,NY_ISO,New York ISO,Northeast,28780379.56,31867856.23,9569549.94,8204110.62,3661284.82,3198470.56,1315074.02,5002527.21,608676.64,308162.42,30.03,25.74,11.49,10.04,4.13,15.7,1.91,0.97
2020,9,2020-09-01,ISO_NE,ISO New England,Northeast,25816600.1,32373844.35,8273722.99,8416584.48,8790695.96,2991170.71,1166812.82,2032682.46,451690.79,250484.13,25.56,26.0,27.15,9.24,3.6,6.28,1.4,0.77
2020,10,2020-10-01,CAISO,California ISO,Western,47891916.81,58181804.07,16560547.17,12897776.21,5668507.22,6214915.34,6144386.46,9424899.76,823704.34,447067.58,28.46,22.17,9.74,10.68,10.56,16.2,1.42,0.77
2020,10,2020-10-01,ERCOT,ERCOT (Texas),South,66476374.1,65751964.09,17775907.92,18153312.46,8443305.42,14994857.45,2905964.64,1357421.07,1434666.75,686528.36,27.03,27.61,12.84,22.81,4.42,2.06,2.18,1.04
2020,10,2020-10-01,MISO,Midcontinent ISO,Midwest,145293961.59,144810947.59,39383095.23,44982102.56,19902336.93,15276077.77,7267993.74,14048853.61,2676177.62,1274310.12,27.2,31.06,13.74,10.55,5.02,9.7,1.85,0.88
2020,10,2020-10-01,PJM,Pennsylvania-Jersey-Maryland,Northeast,148949844.3,181615839.37,39688096.49,48356961.74,50012186.72,17522983.9,7866774.16,13548884.12,3200731.26,1419220.98,21.85,26.63,27.54,9.65,4.33,7.46,1.76,0.78
2020,10,2020-10-01,SPP,Southwest Power Pool,South-Central,114096746.54,133231967.67,37418221.49,37565059.29,15430257.71,23367847.96,14393102.13,1830685.73,2150579.74,1076213.63,28.09,28.2,11.58,17.54,10.8,1.37,1.61,0.81
2020,10,2020-10-01,WECC,Western Electricity Coordinating Council,Western,151507465.81,169313800.65,45376973.85,45483908.82,18724927.54,17723205.94,16859947.44,20711046.7,2740607.55,1693182.8,26.8,26.86,11.06,10.47,9.96,12.23,1.62,1.0
2020,10,2020-10-01,NY_ISO,New York ISO,Northeast,25915943.92,29567478.99,8217997.55,7471824.81,3505408.42,3383887.65,1198173.69,4972012.63,536095.21,282079.04,27.79,25.27,11.86,11.44,4.05,16.82,1.81,0.95
2020,10,2020-10-01,ISO_NE,ISO New England,Northeast,25954811.45,32322474.88,8087457.54,8338692.23,8610065.02,2919951.78,1471948.59,2071100.05,553135.54,270124.13,25.02,25.8,26.64,9.03,4.55,6.41,1.71,0.84
2020,11,2020-11-01,CAISO,California ISO,Western,42038382.09,46249247.51,13413804.01,11800061.96,4829798.42,4389433.8,4557769.83,6032589.23,854812.63,370977.63,29.0,25.51,10.44,9.49,9.85,13.04,1.85,0.8
2020,11,2020-11-01,ERCOT,ERCOT (Texas),South,63889644.49,69550928.38,17873297.16,20930675.91,8066418.66,16444481.89,2784639.64,1266672.81,1469056.63,715685.68,25.7,30.09,11.6,23.64,4.0,1.82,2.11,1.03
2020,11,2020-11-01,MISO,Midcontinent ISO,Midwest,135713145.7,137579258.61,39178256.63,41865156.71,17374044.34,16541629.1,6375304.99,12523963.12,2536553.73,1184350.01,28.48,30.43,12.63,12.02,4.63,9.1,1.84,0.86
2020,11,2020-11-01,PJM,Pennsylvania-Jersey-Maryland,Northeast,145281895.63,173741287.87,38087192.11,41798266.27,51948129.43,17826623.54,8250054.72,11926956.34,2522866.35,1381199.1,21.92,24.06,29.9,10.26,4.75,6.86,1.45,0.79
2020,11,2020-11-01,SPP,Southwest Power Pool,South-Central,102402919.46,114014670.35,28344700.86,33623181.22,11220546.22,24268190.0,11818468.48,1764522.36,2070033.14,905028.07,24.86,29.49,9.84,21.29,10.37,1.55,1.82,0.79
2020,11,2020-11-01,WECC,Western Electricity Coordinating Council,Western,154999705.71,189068540.95,43719271.4,49649220.69,21182793.55,21290612.02,20214105.51,28002368.7,3253759.26,1756409.81,23.12,26.26,11.2,11.26,10.69,14.81,1.72,0.93
2020,11,2020-11-01,NY_ISO,New York ISO,Northeast,26424833.64,25812155.48,7224790.69,7116421.73,2784798.63,3291786.63,1264235.34,3281615.88,576508.21,271998.37,27.99,27.57,10.79,12.75,4.9,12.71,2.23,1.05
2020,11,2020-11-01,ISO_NE,ISO New England,Northeast,25332170.64,32438627.11,8919954.35,7104588.62,9087421.09,3305700.43,1398351.27,1860716.86,534531.42,227363.07,27.5,21.9,28.01,10.19,4.31,5.74,1.65,0.7
2020,12,2020-12-01,CAISO,California ISO,Western,47040466.55,55927044.86,16243113.8,14176105.79,6155555.36,6360328.83,4938943.99,6602442.56,1049800.05,400754.49,29.04,25.35,11.01,11.37,8.83,11.81,1.88,0.72
2020,12,2020-12-01,ERCOT,ERCOT (Texas),South,65822521.57,72155024.98,22697413.15,18160978.17,8113130.19,16640998.34,3058588.3,1604048.08,1257266.99,622601.76,31.46,25.17,11.24,23.06,4.24,2.22,1.74,0.86
2020,12,2020-12-01,MISO,Midcontinent ISO,Midwest,139192212.04,138216368.66,40252321.54,44561449.13,15708851.86,15538110.74,7135019.62,10592030.75,2926118.36,1502466.65,29.12,32.24,11.37,11.24,5.16,7.66,2.12,1.09
2020,12,2020-12-01,PJM,Pennsylvania-Jersey-Maryland,Northeast,139868120.76,167630220.45,41712446.24,37717554.0,52447442.87,15670238.48,6972175.7,8699954.0,3030521.93,1379887.22,24.88,22.5,31.29,9.35,4.16,5.19,1.81,0.82
2020,12,2020-12-01,SPP,Southwest Power Pool,South-Central,102989554.96,113454732.05,30312680.95,25947270.87,13991227.45,25201437.88,12592200.21,2085054.4,2227112.52,1097747.77,26.72,22.87,12.33,22.21,11.1,1.84,1.96,0.97
2020,12,2020-12-01,WECC,Western Electricity Coordinating Council,Western,146826750.92,173133423.11,44241362.23,48235436.11,18730565.77,16490712.92,16579725.79,24864437.23,2669848.27,1321334.8,25.55,27.86,10.82,9.52,9.58,14.36,1.54,0.76
2020,12,2020-12-01,NY_ISO,New York ISO,Northeast,27587827.19,27520904.52,7697044.54,7606028.22,3369402.09,3253700.98,1445276.23,3319011.21,518549.45,311891.81,27.97,27.64,12.24,11.82,5.25,12.06,1.88,1.13
2020,12,2020-12-01,ISO_NE,ISO New England,Northeast,26267285.91,33580176.56,8235398.47,8460811.68,10239001.34,2779524.39,1169324.55,1911276.86,497618.35,287220.92,24.52,25.2,30.49,8.28,3.48,5.69,1.48,0.86
2021,1,2021-01-01,CAISO,California ISO,Western,61331857.5,72498728.92,16020540.6,18148406.76,8429391.91,7575641.72,8033914.92,12229230.5,1370619.5,690983.01,22.1,25.03,11.63,10.45,11.08,16.87,1.89,0.95
2021,1,2021-01-01,ERCOT,ERCOT (Texas),South,71851281.39,79296415.13,21593047.16,19991936.2,8350248.67,20558126.21,4688802.82,1949971.91,1407019.51,757262.65,27.23,25.21,10.53,25.93,5.91,2.46,1.77,0.95
2021,1,2021-01-01,MISO,Midcontinent ISO,Midwest,180363888.62,169587604.9,53898630.45,46172479.67,19492162.59,21967513.45,9355049.96,13426930.32,3435781.62,1839056.84,31.78,27.23,11.49,12.95,5.52,7.92,2.03,1.08
2021,1,2021-01-01,PJM,Pennsylvania-Jersey-Maryland,Northeast,174556426.28,223569748.9,49662096.89,54383931.83,64060411.7,25591561.01,10773098.05,13839213.92,3756352.36,1503083.12,22.21,24.33,28.65,11.45,4.82,6.19,1.68,0.67
2021,1,2021-01-01,SPP,Southwest Power Pool,South-Central,144364546.22,168124174.98,42038698.71,46048997.29,14813583.62,39690996.17,18148652.63,2951081.23,2983852.76,1448312.56,25.0,27.39,8.81,23.61,10.79,1.76,1.77,0.86
2021,1,2021-01-01,WECC,Western Electricity Coordinating Council,Western,202297764.99,243716075.77,65970476.25,61577822.11,27321217.32,22710241.86,25223789.02,35268073.19,3918837.56,1725618.47,27.07,25.27,11.21,9.32,10.35,14.47,1.61,0.71
2021,1,2021-01-01,NY_ISO,New York ISO,Northeast,34151968.34,35857357.38,10416260.0,10423861.09,3643918.38,3955151.48,2077822.85,4285587.47,734414.28,320341.83,29.05,29.07,10.16,11.03,5.79,11.95,2.05,0.89
2021,1,2021-01-01,ISO_NE,ISO New England,Northeast,34376024.81,45197306.69,9811781.08,11089116.18,13060409.4,5123797.5,1980177.51,3111185.07,708947.42,311892.52,21.71,24.53,28.9,11.34,4.38,6.88,1.57,0.69
2021,2,2021-02-01,CAISO,California ISO,Western,46226415.28,53537292.06,15357564.22,13429307.18,5759028.55,5312288.24,6027481.57,6116572.35,1052286.14,482763.8,28.69,25.08,10.76,9.92,11.26,11.42,1.97,0.9
2021,2,2021-02-01,ERCOT,ERCOT (Texas),South,60367038.98,62297798.66,17285512.13,16908649.88,6494387.43,14273329.3,3956405.91,1530429.49,1331943.39,517141.13,27.75,27.14,10.42,22.91,6.35,2.46,2.14,0.83
2021,2,2021-02-01,MISO,Midcontinent ISO,Midwest,129340232.3,136521895.24,44100741.53,39713339.13,14090162.47,18936507.94,7897506.29,8429615.85,2199476.09,1154545.94,32.3,29.09,10.32,13.87,5.78,6.17,1.61,0.85
2021,2,2021-02-01,PJM,Pennsylvania-Jersey-Maryland,Northeast,130033956.51,155639425.42,39708530.21,35757065.17,43742651.22,16966931.42,6846230.16,8817952.63,2477507.36,1322557.23,25.51,22.97,28.11,10.9,4.4,5.67,1.59,0.85
2021,2,2021-02-01,SPP,Southwest Power Pool,South-Central,102997960.03,130374501.88,34702542.8,35356461.42,11950251.6,27328681.2,16070621.25,1926498.04,1913719.39,1125726.18,26.62,27.12,9.17,20.96,12.33,1.48,1.47,0.86
2021,2,2021-02-01,WECC,Western Electricity Coordinating Council,Western,149062168.68,175523267.68,46411066.59,42903815.28,20040988.98,21198856.39,19391073.11,21437449.18,2857261.24,1282756.91,26.44,24.44,11.42,12.08,11.05,12.21,1.63,0.73
2021,2,2021-02-01,NY_ISO,New York ISO,Northeast,24107120.27,25023302.51,7398456.26,6443666.48,3021550.96,3177230.31,1246615.11,2956767.82,513495.5,265520.07,29.57,25.75,12.07,12.7,4.98,11.82,2.05,1.06
2021,2,2021-02-01,ISO_NE,ISO New England,Northeast,24732922.22,30578547.04,6332332.26,7320215.23,9114176.58,3652547.78,1468927.56,1976126.1,455450.09,258771.43,20.71,23.94,29.81,11.94,4.8,6.46,1.49,0.85
2021,3,2021-03-01,CAISO,California ISO,Western,44938768.19,53058734.27,15088810.45,13490655.84,5122914.25,5642781.53,6116911.5,6259363.55,852962.27,484334.89,28.44,25.43,9.66,10.63,11.53,11.8,1.61,0.91
2021,3,2021-03-01,ERCOT,ERCOT (Texas),South,60174966.75,62342375.42,17597878.97,16695055.12,7103228.58,14404284.29,3089169.25,1596741.82,1222038.92,633978.47,28.23,26.78,11.39,23.11,4.96,2.56,1.96,1.02
2021,3,2021-03-01,MISO,Midcontinent ISO,Midwest,143724451.75,147897909.57,41130542.07,47121675.65,16697221.93,19895671.58,7950420.71,10603626.75,2932422.13,1566328.75,27.81,31.86,11.29,13.45,5.38,7.17,1.98,1.06
2021,3,2021-03-01,PJM,Pennsylvania-Jersey-Maryland,Northeast,153983435.58,185580338.19,43054525.83,39858105.71,55588761.64,20427330.05,10279251.33,12306917.81,2626141.99,1439303.82,23.2,21.48,29.95,11.01,5.54,6.63,1.42,0.78
2021,3,2021-03-01,SPP,Southwest Power Pool,South-Central,104287869.98,117650390.05,27545799.94,29406727.65,12405480.35,28461683.39,13962290.13,2652954.62,2231863.92,983590.05,23.41,25.0,10.54,24.19,11.87,2.25,1.9,0.84
2021,3,2021-03-01,WECC,Western Electricity Coordinating Council,Western,165464374.61,171466922.94,42061907.69,43221879.27,18301676.73,19596434.4,23223998.05,19763627.63,3592572.12,1704827.05,24.53,25.21,10.67,11.43,13.54,11.53,2.1,0.99
2021,3,2021-03-01,NY_ISO,New York ISO,Northeast,27666118.87,28421865.44,7834630.81,8281678.43,3361039.8,3215244.4,1419457.74,3446188.57,609063.61,254562.1,27.57,29.14,11.83,11.31,4.99,12.13,2.14,0.9
2021,3,2021-03-01,ISO_NE,ISO New England,Northeast,25207933.85,31064207.54,7683540.63,7217422.84,8678269.47,3489116.01,1426536.91,1920534.63,429922.85,218864.2,24.73,23.23,27.94,11.23,4.59,6.18,1.38,0.7
2021,4,2021-04-01,CAISO,California ISO,Western,47845529.14,58403181.3,14493911.2,14069247.35,5907583.55,6196602.96,7490805.18,8907105.02,827964.65,509961.4,24.82,24.09,10.12,10.61,12.83,15.25,1.42,0.87
2021,4,2021-04-01,ERCOT,ERCOT (Texas),South,61358557.25,65474854.81,16854440.33,17307920.15,7688287.1,16793131.26,3788082.7,1042355.67,1370947.81,629689.78,25.74,26.43,11.74,25.65,5.79,1.59,2.09,0.96
2021,4,2021-04-01,MISO,Midcontinent ISO,Midwest,149107347.07,164294889.24,50087214.21,46912493.65,18042330.29,22257736.2,8179360.02,14702102.05,2800594.86,1313057.97,30.49,28.55,10.98,13.55,4.98,8.95,1.7,0.8
2021,4,2021-04-01,PJM,Pennsylvania-Jersey-Maryland,Northeast,137454626.82,174422637.79,41211819.38,46547726.8,46175576.6,16423212.76,8583546.65,11561819.82,2483916.14,1435019.65,23.63,26.69,26.47,9.42,4.92,6.63,1.42,0.82
2021,4,2021-04-01,SPP,Southwest Power Pool,South-Central,112900709.21,135629208.85,32712104.4,34102031.08,15207191.44,31459157.59,16489921.7,2099787.07,2376907.5,1182108.06,24.12,25.14,11.21,23.19,12.16,1.55,1.75,0.87
2021,4,2021-04-01,WECC,Western Electricity Coordinating Council,Western,144755306.9,160509129.3,43314054.99,38781961.96,15077807.45,18840712.97,22471789.85,17731621.71,2753916.55,1537263.83,26.99,24.16,9.39,11.74,14.0,11.05,1.72,0.96
2021,4,2021-04-01,NY_ISO,New York ISO,Northeast,28553739.38,32023541.97,8137358.12,9174966.69,3727604.69,4242667.32,1779606.36,4126183.94,527003.48,308151.37,25.41,28.65,11.64,13.25,5.56,12.88,1.65,0.96
2021,4,2021-04-01,ISO_NE,ISO New England,Northeast,24786178.47,32273922.95,6915566.79,8234316.86,9432868.15,3307707.44,1665617.2,1978685.33,508324.71,230836.48,21.43,25.51,29.23,10.25,5.16,6.13,1.58,0.72
2021,5,2021-05-01,CAISO,California ISO,Western,46955287.91,58476758.22,13779835.78,14644280.36,6176680.68,5897130.78,7786201.45,8638949.81,1031679.96,521999.4,23.56,25.04,10.56,10.08,13.32,14.77,1.76,0.89
2021,5,2021-05-01,ERCOT,ERCOT (Texas),South,69008773.03,72915446.97,19428170.12,22188046.15,8102927.81,15454571.94,4384655.61,1417043.48,1310223.8,629808.06,26.64,30.43,11.11,21.2,6.01,1.94,1.8,0.86
2021,5,2021-05-01,MISO,Midcontinent ISO,Midwest,154326648.05,165597463.47,42456715.7,50484109.97,20535810.47,22171195.16,8588893.5,16496865.12,3148751.0,1715122.55,25.64,30.49,12.4,13.39,5.19,9.96,1.9,1.04
2021,5,2021-05-01,PJM,Pennsylvania-Jersey-Maryland,Northeast,143589622.04,184260242.56,45165302.33,42091825.56,52154095.75,20151530.28,8361669.64,11507532.92,3226340.08,1601946.01,24.51,22.84,28.3,10.94,4.54,6.25,1.75,0.87
2021,5,2021-05-01,SPP,Southwest Power Pool,South-Central,121369036.76,135215050.68,31818186.95,36374603.69,14625684.88,26417990.13,20152605.0,2149766.6,2345876.48,1330336.94,23.53,26.9,10.82,19.54,14.9,1.59,1.73,0.98
2021,5,2021-05-01,WECC,Western Electricity Coordinating Council,Western,170972313.26,208304147.63,53936291.14,54853450.98,22705303.41,24185692.44,24090568.88,23524760.54,3136357.34,1871722.89,25.89,26.33,10.9,11.61,11.57,11.29,1.51,0.9
2021,5,2021-05-01,NY_ISO,New York ISO,Northeast,29162489.89,34590106.92,9759488.79,9717013.43,3526986.95,3690744.41,1935486.69,5035155.53,670544.88,254686.26,28.21,28.09,10.2,10.67,5.6,14.56,1.94,0.74
2021,5,2021-05-01,ISO_NE,ISO New England,Northeast,28399728.82,34552149.38,7731400.64,8176422.13,10006808.79,3984039.25,1573403.82,2232897.38,538406.65,308770.72,22.38,23.66,28.96,11.53,4.55,6.46,1.56,0.89
2021,6,2021-06-01,CAISO,California ISO,Western,43439019.33,53445344.24,13709065.07,14934717.88,5834806.37,5703813.39,5857995.32,6109063.48,845884.38,449998.34,25.65,27.94,10.92,10.67,10.96,11.43,1.58,0.84
2021,6,2021-06-01,ERCOT,ERCOT (Texas),South,62191334.16,66203858.81,16213049.45,19055229.46,6644055.72,16738653.69,4191491.63,1565372.11,1245500.4,550506.35,24.49,28.78,10.04,25.28,6.33,2.36,1.88,0.83
2021,6,2021-06-01,MISO,Midcontinent ISO,Midwest,149338099.15,160744296.49,49641091.72,42848420.53,19761932.63,22260057.32,10266072.18,11881187.56,2793097.79,1292436.76,30.88,26.66,12.29,13.85,6.39,7.39,1.74,0.8
2021,6,2021-06-01,PJM,Pennsylvania-Jersey-Maryland,Northeast,157880589.13,203607837.98,53931098.35,46659194.17,51541211.72,22578571.14,9382171.63,14485488.18,3508386.83,1521715.96,26.49,22.92,25.31,11.09,4.61,7.11,1.72,0.75
2021,6,2021-06-01,SPP,Southwest Power Pool,South-Central,119084924.12,145237098.36,36536617.31,39816367.95,15180441.2,28597952.89,19541296.53,1855736.89,2591329.6,1117356.01,25.16,27.41,10.45,19.69,13.45,1.28,1.78,0.77
2021,6,2021-06-01,WECC,Western Electricity Coordinating Council,Western,149119021.74,163317678.49,45991257.93,41757545.44,15815313.49,17581384.62,19692721.9,18147199.39,2726997.2,1605258.53,28.16,25.57,9.68,10.77,12.06,11.11,1.67,0.98
2021,6,2021-06-01,NY_ISO,New York ISO,Northeast,28646804.24,30382822.09,8721284.16,7713747.22,3779870.77,3705387.46,1592713.71,4040342.95,525463.27,304012.54,28.7,25.39,12.44,12.2,5.24,13.3,1.73,1.0
2021,6,2021-06-01,ISO_NE,ISO New England,Northeast,26764844.15,32991156.01,7041597.08,7717533.02,9713850.48,3633065.73,1590711.28,2444079.8,590724.4,259594.22,21.34,23.39,29.44,11.01,4.82,7.41,1.79,0.79
2021,7,2021-07-01,CAISO,California ISO,Western,60112859.96,72794016.06,18097214.89,20151902.87,6926946.29,8601500.54,9363520.83,7927638.88,1146515.14,578776.61,24.86,27.68,9.52,11.82,12.86,10.89,1.58,0.8
2021,7,2021-07-01,ERCOT,ERCOT (Texas),South,74048849.86,77188656.87,21981137.01,22643785.6,8206574.71,16130618.01,4157060.76,1617798.41,1623903.87,827778.5,28.48,29.34,10.63,20.9,5.39,2.1,2.1,1.07
2021,7,2021-07-01,MISO,Midcontinent ISO,Midwest,159245716.76,159240102.53,52062886.61,43768675.46,17872139.31,17859841.96,9345203.6,13800400.88,3078727.36,1452227.34,32.69,27.49,11.22,11.22,5.87,8.67,1.93,0.91
2021,7,2021-07-01,PJM,Pennsylvania-Jersey-Maryland,Northeast,170622210.72,228358789.67,53189624.64,50532865.68,68363499.12,24448092.61,10165518.76,16149501.4,3796028.53,1713658.93,23.29,22.13,29.94,10.71,4.45,7.07,1.66,0.75
2021,7,2021-07-01,SPP,Southwest Power Pool,South-Central,143481801.02,163423952.97,43852820.25,36808726.9,18163625.03,33836915.86,23409431.57,2543763.53,3191196.1,1617473.74,26.83,22.52,11.11,20.7,14.32,1.56,1.95,0.99
2021,7,2021-07-01,WECC,Western Electricity Coordinating Council,Western,192672227.16,204652307.56,51498645.44,50172936.49,21040059.0,23786990.84,28647421.51,24000001.15,3508261.25,1997991.88,25.16,24.52,10.28,11.62,14.0,11.73,1.71,0.98
2021,7,2021-07-01,NY_ISO,New York ISO,Northeast,30608687.49,32417351.42,9352814.07,9216026.09,3395480.45,3508437.65,1742201.29,4362138.81,520911.78,319341.28,28.85,28.43,10.47,10.82,5.37,13.46,1.61,0.99
2021,7,2021-07-01,ISO_NE,ISO New England,Northeast,30027787.35,37211571.72,7692973.61,8486136.56,11992866.56,4224354.74,1684287.93,2218489.64,649453.56,263009.12,20.67,22.81,32.23,11.35,4.53,5.96,1.75,0.71
2021,8,2021-08-01,CAISO,California ISO,Western,51688950.46,63169438.51,17569769.8,16800363.49,6387739.85,6909541.32,7480245.91,6652197.21,901564.83,468016.1,27.81,26.6,10.11,10.94,11.84,10.53,1.43,0.74
2021,8,2021-08-01,ERCOT,ERCOT (Texas),South,60886365.43,59054573.16,15480288.51,16570969.85,6840431.4,13698279.3,3477516.91,1344899.68,1041792.62,600394.89,26.21,28.06,11.58,23.2,5.89,2.28,1.76,1.02
2021,8,2021-08-01,MISO,Midcontinent ISO,Midwest,148995197.41,158508594.85,50680105.9,38932199.77,17974077.91,21056915.35,10072061.34,14850277.91,3301290.3,1641666.36,31.97,24.56,11.34,13.28,6.35,9.37,2.08,1.04
2021,8,2021-08-01,PJM,Pennsylvania-Jersey-Maryland,Northeast,160360926.62,201090436.71,49104194.71,52089872.02,51082703.15,19477516.47,10394527.42,13650990.16,3675127.84,1615504.93,24.42,25.9,25.4,9.69,5.17,6.79,1.83,0.8
2021,8,2021-08-01,SPP,Southwest Power Pool,South-Central,113457733.89,137530689.31,31736964.37,38491757.67,12276097.75,30838723.56,18246646.8,2066701.99,2586800.22,1286996.96,23.08,27.99,8.93,22.42,13.27,1.5,1.88,0.94
2021,8,2021-08-01,WECC,Western Electricity Coordinating Council,Western,172560442.9,210280260.4,57732037.49,48538878.17,20502432.67,25604663.61,23045305.27,29204372.75,3671530.41,1981040.03,27.45,23.08,9.75,12.18,10.96,13.89,1.75,0.94
2021,8,2021-08-01,NY_ISO,New York ISO,Northeast,28834503.53,34542671.11,9730651.79,9770274.79,3289035.81,3866701.01,1790993.49,5211186.85,608142.63,275684.73,28.17,28.28,9.52,11.19,5.18,15.09,1.76,0.8
2021,8,2021-08-01,ISO_NE,ISO New England,Northeast,25455463.22,33673412.3,8682598.21,8489561.67,8226579.17,3538944.72,1345963.47,2606737.14,542027.84,241000.08,25.78,25.21,24.43,10.51,4.0,7.74,1.61,0.72
2021,9,2021-09-01,CAISO,California ISO,Western,43020615.51,49245340.69,13511050.88,11952813.16,4583983.93,5072088.85,6184658.02,6642607.28,926594.61,371543.96,27.44,24.27,9.31,10.3,12.56,13.49,1.88,0.75
2021,9,2021-09-01,ERCOT,ERCOT (Texas),South,58673492.6,62286109.06,16501806.88,16302805.61,6519331.17,16569034.47,3349395.93,1401700.84,1127667.51,514366.65,26.49,26.17,10.47,26.6,5.38,2.25,1.81,0.83
2021,9,2021-09-01,MISO,Midcontinent ISO,Midwest,140265497.58,142006535.77,40909791.83,43833524.92,16789015.11,18976223.41,8412085.36,9374419.37,2407156.56,1304319.22,28.81,30.87,11.82,13.36,5.92,6.6,1.7,0.92
2021,9,2021-09-01,PJM,Pennsylvania-Jersey-Maryland,Northeast,157504014.04,200824179.47,49121294.03,52797616.15,49111377.6,21497006.74,8041390.84,15563917.0,2960274.14,1731302.97,24.46,26.29,24.45,10.7,4.0,7.75,1.47,0.86
2021,9,2021-09-01,SPP,Southwest Power Pool,South-Central,104170540.28,121447971.92,35290632.93,28911630.19,13941624.59,24992359.44,13031147.79,2141909.38,2059102.7,1079564.9,29.06,23.81,11.48,20.58,10.73,1.76,1.7,0.89
2021,9,2021-09-01,WECC,Western Electricity Coordinating Council,Western,162162209.3,176885072.19,45001853.27,41694613.44,19019615.24,21894589.21,21789928.1,22678840.86,3212843.99,1592788.06,25.44,23.57,10.75,12.38,12.32,12.82,1.82,0.9
2021,9,2021-09-01,NY_ISO,New York ISO,Northeast,25599874.48,28114857.27,6475155.18,8741729.15,2618693.62,3806899.24,1390007.19,4259588.84,548770.77,274013.27,23.03,31.09,9.31,13.54,4.94,15.15,1.95,0.97
2021,9,2021-09-01,ISO_NE,ISO New England,Northeast,26978392.96,31887806.42,7488377.07,6966446.74,9216595.53,3681749.55,1501325.23,2313002.14,471976.26,248333.91,23.48,21.85,28.9,11.55,4.71,7.25,1.48,0.78
2021,10,2021-10-01,CAISO,California ISO,Western,48858266.99,59887525.12,15548954.01,15627929.48,6671042.14,5481914.18,6049497.87,8914469.35,1070539.46,523178.63,25.96,26.1,11.14,9.15,10.1,14.89,1.79,0.87
2021,10,2021-10-01,ERCOT,ERCOT (Texas),South,67077582.58,72527047.56,22367976.82,17942693.89,7339548.84,17222691.5,4323245.67,1147278.03,1415040.56,768572.24,30.84,24.74,10.12,23.75,5.96,1.58,1.95,1.06
2021,10,2021-10-01,MISO,Midcontinent ISO,Midwest,148028159.01,147550811.11,45229057.69,40600589.99,18397470.57,21067351.08,7768336.22,9806965.28,3022400.36,1658639.92,30.65,27.52,12.47,14.28,5.26,6.65,2.05,1.12
2021,10,2021-10-01,PJM,Pennsylvania-Jersey-Maryland,Northeast,146999779.37,177304464.64,44179854.95,48326009.46,45452871.27,16932578.76,8096388.56,9990496.88,2684967.04,1641297.72,24.92,27.26,25.64,9.55,4.57,5.63,1.51,0.93
2021,10,2021-10-01,SPP,Southwest Power Pool,South-Central,104814556.39,115624208.3,26643370.27,27103361.06,13176795.96,29660279.19,13792231.55,2108277.3,2074647.29,1065245.67,23.04,23.44,11.4,25.65,11.93,1.82,1.79,0.92
2021,10,2021-10-01,WECC,Western Electricity Coordinating Council,Western,161706601.08,189016721.0,55103592.88,52688479.56,16516435.52,18655662.74,22970402.8,18004483.39,3565822.03,1511842.09,29.15,27.88,8.74,9.87,12.15,9.53,1.89,0.8
2021,10,2021-10-01,NY_ISO,New York ISO,Northeast,28307025.92,30914529.78,8705930.53,8761640.01,3177576.49,3401231.09,1763101.64,4224784.79,608046.59,272218.64,28.16,28.34,10.28,11.0,5.7,13.67,1.97,0.88
2021,10,2021-10-01,ISO_NE,ISO New England,Northeast,25375483.15,29774391.66,7649986.64,7645429.14,7567931.59,2986143.66,1455586.09,1792252.31,460952.67,216109.56,25.69,25.68,25.42,10.03,4.89,6.02,1.55,0.73
2021,11,2021-11-01,CAISO,California ISO,Western,49594649.23,56461372.99,12767965.8,16103552.67,6197973.26,7181531.78,6611076.37,6232414.72,906393.2,460465.2,22.61,28.52,10.98,12.72,11.71,11.04,1.61,0.82
2021,11,2021-11-01,ERCOT,ERCOT (Texas),South,66519920.02,69868655.03,16914950.88,17866323.84,8836480.49,18221859.64,4418709.49,1441115.63,1444682.18,724532.88,24.21,25.57,12.65,26.08,6.32,2.06,2.07,1.04
2021,11,2021-11-01,MISO,Midcontinent ISO,Midwest,150432081.26,168130136.17,51276673.57,50145236.23,20135979.26,20920164.95,9680166.78,11688034.8,2762132.95,1521747.63,30.5,29.83,11.98,12.44,5.76,6.95,1.64,0.91
2021,11,2021-11-01,PJM,Pennsylvania-Jersey-Maryland,Northeast,153839877.87,197289016.52,49630091.49,49014115.29,56647959.89,17424972.91,8186632.79,11994524.09,2980925.65,1409794.42,25.16,24.84,28.71,8.83,4.15,6.08,1.51,0.71
2021,11,2021-11-01,SPP,Southwest Power Pool,South-Central,116681546.6,141137845.69,36816558.78,40053636.82,13890451.48,27796232.17,16263397.14,2878140.26,2297447.43,1141981.61,26.09,28.38,9.84,19.69,11.52,2.04,1.63,0.81
2021,11,2021-11-01,WECC,Western Electricity Coordinating Council,Western,152743228.01,177096250.03,41603960.26,50574980.47,16052496.03,17386291.79,25180474.64,21474547.65,3334741.75,1488757.43,23.49,28.56,9.06,9.82,14.22,12.13,1.88,0.84
2021,11,2021-11-01,NY_ISO,New York ISO,Northeast,27764946.31,31159016.97,9314946.27,7963666.49,3699614.08,3300810.78,1693523.82,4344010.59,571396.96,271047.99,29.89,25.56,11.87,10.59,5.44,13.94,1.83,0.87
2021,11,2021-11-01,ISO_NE,ISO New England,Northeast,25323893.45,31112965.88,6998340.44,7879278.79,8860660.24,2944553.71,1584249.18,2133559.71,452622.54,259701.27,22.49,25.32,28.48,9.46,5.09,6.86,1.45,0.83
2021,12,2021-12-01,CAISO,California ISO,Western,43226206.88,51859340.96,11591060.54,14633554.63,5542984.12,6173868.89,6975506.6,5680100.22,791399.45,470866.51,22.35,28.22,10.69,11.91,13.45,10.95,1.53,0.91
2021,12,2021-12-01,ERCOT,ERCOT (Texas),South,68032128.0,72727946.93,19295239.62,19117667.01,6980524.6,19293539.65,4417250.35,1517922.09,1496952.75,608850.86,26.53,26.29,9.6,26.53,6.07,2.09,2.06,0.84
2021,12,2021-12-01,MISO,Midcontinent ISO,Midwest,157617381.85,149725362.75,40574935.03,43813378.65,19884394.37,20540315.18,9501897.32,10273467.22,3352376.21,1784598.77,27.1,29.26,13.28,13.72,6.35,6.86,2.24,1.19
2021,12,2021-12-01,PJM,Pennsylvania-Jersey-Maryland,Northeast,145745300.88,188805924.85,47519134.0,47373288.44,49616081.45,21410164.81,8450039.66,9673630.01,3349190.17,1414396.31,25.17,25.09,26.28,11.34,4.48,5.12,1.77,0.75
2021,12,2021-12-01,SPP,Southwest Power Pool,South-Central,120457765.36,155118596.0,39259553.04,40857043.62,16293489.76,33250853.78,19072253.71,2923958.38,2142655.45,1318788.26,25.31,26.34,10.5,21.44,12.3,1.88,1.38,0.85
2021,12,2021-12-01,WECC,Western Electricity Coordinating Council,Western,167058268.17,199696027.77,50690901.59,44298559.59,22848405.97,24210422.03,26407395.85,26329151.0,3031881.11,1879310.63,25.38,22.18,11.44,12.12,13.22,13.18,1.52,0.94
2021,12,2021-12-01,NY_ISO,New York ISO,Northeast,27607467.42,30416038.81,7485722.8,9385779.44,3723856.39,3948277.26,1852844.62,3176401.59,590077.63,253079.08,24.61,30.86,12.24,12.98,6.09,10.44,1.94,0.83
2021,12,2021-12-01,ISO_NE,ISO New England,Northeast,26822819.71,35814073.46,7845995.23,9040847.92,10633291.81,3986956.52,1688674.64,1791052.85,540927.54,286326.96,21.91,25.24,29.69,11.13,4.72,5.0,1.51,0.8
2022,1,2022-01-01,CAISO,California ISO,Western,59599349.34,70925770.51,18613775.47,17448240.06,6808844.9,7808262.0,11449366.61,6780656.01,1332633.78,683991.68,26.24,24.6,9.6,11.01,16.14,9.56,1.88,0.96
2022,1,2022-01-01,ERCOT,ERCOT (Texas),South,77213240.91,82282526.24,19689414.34,20455525.16,8503053.08,23659476.19,5979448.56,1714597.03,1586337.04,694674.84,23.93,24.86,10.33,28.75,7.27,2.08,1.93,0.84
2022,1,2022-01-01,MISO,Midcontinent ISO,Midwest,184725584.53,175466586.18,45612797.3,50039552.46,21203732.9,25728714.37,13635281.65,13539618.57,3585666.56,2121222.37,26.0,28.52,12.08,14.66,7.77,7.72,2.04,1.21
2022,1,2022-01-01,PJM,Pennsylvania-Jersey-Maryland,Northeast,191895379.37,252071105.31,58881408.0,66415047.32,69008119.79,23126822.02,12670624.44,15488020.35,4325590.73,2155472.67,23.36,26.35,27.38,9.17,5.03,6.14,1.72,0.86
2022,1,2022-01-01,SPP,Southwest Power Pool,South-Central,145079959.28,168517801.36,38168649.58,45516751.8,17432455.35,34542175.16,24987074.06,3077280.36,3255508.06,1537906.99,22.65,27.01,10.34,20.5,14.83,1.83,1.93,0.91
2022,1,2022-01-01,WECC,Western Electricity Coordinating Council,Western,188567637.47,229304813.07,61574468.04,53699284.47,20830406.46,28428752.4,31226742.03,27697900.61,3707497.48,2139761.57,26.85,23.42,9.08,12.4,13.62,12.08,1.62,0.93
2022,1,2022-01-01,NY_ISO,New York ISO,Northeast,35216960.93,37741457.5,9538884.03,11727480.26,4298307.29,4746693.42,2202098.94,4164121.3,762978.29,300893.97,25.27,31.07,11.39,12.58,5.83,11.03,2.02,0.8
2022,1,2022-01-01,ISO_NE,ISO New England,Northeast,29395732.18,40338717.75,9199487.06,10379067.54,11633285.21,3754676.46,1949175.53,2509363.5,618348.13,295314.32,22.81,25.73,28.84,9.31,4.83,6.22,1.53,0.73
2022,2,2022-02-01,CAISO,California ISO,Western,47923089.4,55366397.58,13749145.19,13627500.77,5558090.06,7251904.74,7834654.36,5767731.23,1028377.68,548993.56,24.83,24.61,10.04,13.1,14.15,10.42,1.86,0.99
2022,2,2022-02-01,ERCOT,ERCOT (Texas),South,59364557.65,63685706.4,14797226.89,18107075.43,6143734.52,16939510.29,4757593.09,1186512.61,1209803.45,544250.12,23.23,28.43,9.65,26.6,7.47,1.86,1.9,0.85
2022,2,2022-02-01,MISO,Midcontinent ISO,Midwest,139379635.9,144914675.38,35313068.33,43022830.04,17815959.46,20441321.26,9607882.51,14341026.55,3060075.45,1312511.78,24.37,29.69,12.29,14.11,6.63,9.9,2.11,0.91
2022,2,2022-02-01,PJM,Pennsylvania-Jersey-Maryland,Northeast,142155155.4,183104677.24,40394064.19,50123425.2,49491032.51,20267950.08,9132768.81,9507229.51,2636165.24,1552041.7,22.06,27.37,27.03,11.07,4.99,5.19,1.44,0.85
2022,2,2022-02-01,SPP,Southwest Power Pool,South-Central,106293667.06,137456727.54,34523720.68,37846716.55,14421110.72,27862286.63,18176933.92,1567111.1,1858162.49,1200685.44,25.12,27.53,10.49,20.27,13.22,1.14,1.35,0.87
2022,2,2022-02-01,WECC,Western Electricity Coordinating Council,Western,159165156.95,189785727.84,49936747.23,51288478.85,17265653.18,20307553.32,26003531.45,20196867.34,3233607.96,1553288.51,26.31,27.02,9.1,10.7,13.7,10.64,1.7,0.82
2022,2,2022-02-01,NY_ISO,New York ISO,Northeast,25077137.81,28445068.89,8022746.01,7501297.21,3093249.48,3598552.09,1881453.4,3637579.95,430357.31,279833.44,28.2,26.37,10.87,12.65,6.61,12.79,1.51,0.98
2022,2,2022-02-01,ISO_NE,ISO New England,Northeast,24701938.24,29536308.01,6120963.86,6751019.36,9347235.64,3129622.0,1526255.66,1885476.25,496905.67,278829.56,20.72,22.86,31.65,10.6,5.17,6.38,1.68,0.94
2022,3,2022-03-01,CAISO,California ISO,Western,47011194.03,57650163.02,13587628.25,13896010.5,6132145.66,6131492.38,8863896.32,7605888.49,971318.06,461783.37,23.57,24.1,10.64,10.64,15.38,13.19,1.68,0.8
2022,3,2022-03-01,ERCOT,ERCOT (Texas),South,61561903.24,68322759.74,19244320.94,16562765.97,6480832.22,18765262.21,3993587.54,1490828.32,1258509.86,526652.69,28.17,24.24,9.49,27.47,5.85,2.18,1.84,0.77
2022,3,2022-03-01,MISO,Midcontinent ISO,Midwest,158520118.93,173029143.27,52303676.49,46235553.91,20648249.79,25363233.18,11336832.39,12007126.98,3346595.18,1787875.35,30.23,26.72,11.93,14.66,6.55,6.94,1.93,1.03
2022,3,2022-03-01,PJM,Pennsylvania-Jersey-Maryland,Northeast,147914712.57,201613450.7,46819982.48,49377419.55,57180759.89,22273520.38,11808345.78,9914700.81,2733799.01,1504922.8,23.22,24.49,28.36,11.05,5.86,4.92,1.36,0.75
2022,3,2022-03-01,SPP,Southwest Power Pool,South-Central,104859575.45,120057198.25,30290785.79,27671341.29,10706148.01,28291466.09,17062996.17,2599504.29,2273001.65,1161954.96,25.23,23.05,8.92,23.56,14.21,2.17,1.89,0.97
2022,3,2022-03-01,WECC,Western Electricity Coordinating Council,Western,150802821.13,173243230.23,44756715.88,43453381.58,18230017.49,19639990.87,21923008.73,20991112.51,2951137.62,1297865.54,25.83,25.08,10.52,11.34,12.65,12.12,1.7,0.75
2022,3,2022-03-01,NY_ISO,New York ISO,Northeast,27190020.58,29887012.74,8598268.13,8448244.93,3533667.91,3253426.96,1828720.76,3427317.76,527896.91,269469.38,28.77,28.27,11.82,10.89,6.12,11.47,1.77,0.9
2022,3,2022-03-01,ISO_NE,ISO New England,Northeast,27734906.24,32670939.22,7282833.59,7661816.45,8923916.53,4287106.32,1751144.71,1887279.08,585090.97,291751.56,22.29,23.45,27.31,13.12,5.36,5.78,1.79,0.89
2022,4,2022-04-01,CAISO,California ISO,Western,46301448.3,56449703.77,13029850.21,15134420.11,5785542.7,6722846.3,8360759.11,6147648.36,793840.37,474796.62,23.08,26.81,10.25,11.91,14.81,10.89,1.41,0.84
2022,4,2022-04-01,ERCOT,ERCOT (Texas),South,56943400.79,61722130.0,17766925.97,15134510.04,7141253.02,14033027.06,4521326.64,1366884.56,1248033.13,510169.59,28.79,24.52,11.57,22.74,7.33,2.21,2.02,0.83
2022,4,2022-04-01,MISO,Midcontinent ISO,Midwest,148677881.24,152088460.44,38305214.1,51498245.66,19145545.45,20436514.91,8856086.94,9500219.9,2750911.31,1595722.18,25.19,33.86,12.59,13.44,5.82,6.25,1.81,1.05
2022,4,2022-04-01,PJM,Pennsylvania-Jersey-Maryland,Northeast,152485079.7,182371742.78,46225964.25,40624022.51,45471244.1,20483231.32,9621009.79,15460591.54,2741057.78,1744621.5,25.35,22.28,24.93,11.23,5.28,8.48,1.5,0.96
2022,4,2022-04-01,SPP,Southwest Power Pool,South-Central,102018634.32,117849269.35,25020529.82,33180116.32,11298483.51,27714635.36,15173290.55,2207674.73,2190626.49,1063912.56,21.23,28.15,9.59,23.52,12.88,1.87,1.86,0.9
2022,4,2022-04-01,WECC,Western Electricity Coordinating Council,Western,142759320.67,166404569.3,43010484.98,38474902.08,14887384.26,18247332.33,24983087.22,21954666.76,3244802.61,1601909.05,25.85,23.12,8.95,10.97,15.01,13.19,1.95,0.96
2022,4,2022-04-01,NY_ISO,New York ISO,Northeast,24540363.37,25402418.32,6207339.24,6972754.35,3164006.54,3180880.39,1551495.47,3562303.87,507810.39,255828.07,24.44,27.45,12.46,12.52,6.11,14.02,2.0,1.01
2022,4,2022-04-01,ISO_NE,ISO New England,Northeast,27069214.27,34670110.54,8684994.01,7521041.38,9026948.81,4024003.7,1976784.45,2565153.23,590734.8,280450.17,25.05,21.69,26.04,11.61,5.7,7.4,1.7,0.81
2022,5,2022-05-01,CAISO,California ISO,Western,45150821.44,56403267.87,12210376.74,13998282.41,6087201.73,6270779.52,7790342.77,8778906.71,868644.7,398733.28,21.65,24.82,10.79,11.12,13.81,15.56,1.54,0.71
2022,5,2022-05-01,ERCOT,ERCOT (Texas),South,60673398.45,63901938.27,15799263.81,17693859.7,8346230.71,14491284.66,4615754.36,1221326.76,1120117.44,614100.82,24.72,27.69,13.06,22.68,7.22,1.91,1.75,0.96
2022,5,2022-05-01,MISO,Midcontinent ISO,Midwest,139509518.46,135126942.48,36609794.01,38560601.34,15608323.26,19881944.0,9668993.71,10804792.51,2567323.5,1425170.15,27.09,28.54,11.55,14.71,7.16,8.0,1.9,1.05
2022,5,2022-05-01,PJM,Pennsylvania-Jersey-Maryland,Northeast,144896261.29,183975014.43,47288115.0,41049827.75,50638775.91,21321360.14,8936280.31,10610457.04,2502327.06,1627871.22,25.7,22.31,27.52,11.59,4.86,5.77,1.36,0.88
2022,5,2022-05-01,SPP,Southwest Power Pool,South-Central,118407373.89,151416703.79,38401024.91,41748679.64,13899483.18,34527808.19,17340079.56,2229455.7,2188875.69,1081296.91,25.36,27.57,9.18,22.8,11.45,1.47,1.45,0.71
2022,5,2022-05-01,WECC,Western Electricity Coordinating Council,Western,157992522.3,192536445.7,50057053.62,46583566.57,21107141.17,22884763.01,27993114.68,19417093.14,3099815.28,1393898.23,26.0,24.19,10.96,11.89,14.54,10.08,1.61,0.72
2022,5,2022-05-01,NY_ISO,New York ISO,Northeast,31094639.0,35052512.7,8819135.22,10076087.04,4239217.22,4433360.41,2188117.68,4408848.9,548531.84,339214.39,25.16,28.75,12.09,12.65,6.24,12.58,1.56,0.97
2022,5,2022-05-01,ISO_NE,ISO New England,Northeast,24325714.29,30462418.36,6138742.02,7247541.55,9736238.92,3540451.73,1614150.36,1499019.59,446406.03,239868.17,20.15,23.79,31.96,11.62,5.3,4.92,1.47,0.79
2022,6,2022-06-01,CAISO,California ISO,Western,43347938.81,52952853.39,13260309.21,15128002.65,5424911.99,5620630.49,6605614.77,5597012.23,841746.3,474625.75,25.04,28.57,10.24,10.61,12.47,10.57,1.59,0.9
2022,6,2022-06-01,ERCOT,ERCOT (Texas),South,68728250.26,79835053.0,20865838.13,23760171.1,9263262.8,17447433.28,5280051.82,1170365.96,1306483.21,741446.68,26.14,29.76,11.6,21.85,6.61,1.47,1.64,0.93
2022,6,2022-06-01,MISO,Midcontinent ISO,Midwest,137366325.8,149107765.72,42633214.3,40507322.43,18940807.31,21014742.97,10808649.24,11563115.54,2446206.62,1193707.31,28.59,27.17,12.7,14.09,7.25,7.75,1.64,0.8
2022,6,2022-06-01,PJM,Pennsylvania-Jersey-Maryland,Northeast,138427267.26,174063339.57,41786394.26,36514223.8,48835230.11,18388060.23,10826881.31,13467277.35,2754774.49,1490498.02,24.01,20.98,28.06,10.56,6.22,7.74,1.58,0.86
2022,6,2022-06-01,SPP,Southwest Power Pool,South-Central,111668486.51,133003999.52,28989854.4,36064442.19,14625625.35,27517884.81,19962698.32,2368344.7,2256646.66,1218503.08,21.8,27.12,11.0,20.69,15.01,1.78,1.7,0.92
2022,6,2022-06-01,WECC,Western Electricity Coordinating Council,Western,158492602.95,188967020.59,45384680.51,44827044.2,21744078.97,21757575.05,29005445.62,20995234.17,3442288.33,1810673.73,24.02,23.72,11.51,11.51,15.35,11.11,1.82,0.96
2022,6,2022-06-01,NY_ISO,New York ISO,Northeast,26899981.05,29940725.37,6878633.28,9069154.58,3465274.66,3481163.88,1795351.99,4420816.87,525303.33,305026.77,22.97,30.29,11.57,11.63,6.0,14.77,1.75,1.02
2022,6,2022-06-01,ISO_NE,ISO New England,Northeast,27446365.72,34572587.54,6947826.86,9095637.97,10250920.68,3311184.9,2030240.27,2172376.63,500207.29,264192.94,20.1,26.31,29.65,9.58,5.87,6.28,1.45,0.76
2022,7,2022-07-01,CAISO,California ISO,Western,61260332.03,71413415.96,15068386.06,18676027.94,8021177.35,9488545.88,9565981.63,8758938.38,1303747.4,530611.31,21.1,26.15,11.23,13.29,13.4,12.27,1.83,0.74
2022,7,2022-07-01,ERCOT,ERCOT (Texas),South,75379427.97,83448631.95,20564134.33,25814304.56,10153883.29,17986864.38,5173525.91,1419840.41,1649601.12,686477.93,24.64,30.93,12.17,21.55,6.2,1.7,1.98,0.82
2022,7,2022-07-01,MISO,Midcontinent ISO,Midwest,169343932.02,187272976.61,54909324.49,52593895.45,20061183.88,27049163.17,13151184.76,14681126.32,3228955.52,1598143.02,29.32,28.08,10.71,14.44,7.02,7.84,1.72,0.85
2022,7,2022-07-01,PJM,Pennsylvania-Jersey-Maryland,Northeast,195527972.32,255404297.26,52055241.95,67494966.23,67859638.51,29618755.17,14650949.47,17647805.29,4054498.85,2022441.78,20.38,26.43,26.57,11.6,5.74,6.91,1.59,0.79
2022,7,2022-07-01,SPP,Southwest Power Pool,South-Central,148947371.2,187930859.97,47735203.42,49979139.73,17465595.14,36469672.83,28516046.11,3308782.14,2921343.53,1535077.07,25.4,26.59,9.29,19.41,15.17,1.76,1.55,0.82
2022,7,2022-07-01,WECC,Western Electricity Coordinating Council,Western,211894007.6,234597841.83,55694116.61,58663555.31,28867179.13,26986568.65,36063879.51,22065955.33,4444092.89,1812494.4,23.74,25.01,12.3,11.5,15.37,9.41,1.89,0.77
2022,7,2022-07-01,NY_ISO,New York ISO,Northeast,33656923.35,40665639.16,10827596.07,11904987.19,4413142.86,5144144.37,2085736.6,5181707.65,757875.19,350449.22,26.63,29.28,10.85,12.65,5.13,12.74,1.86,0.86
2022,7,2022-07-01,ISO_NE,ISO New England,Northeast,34025669.22,41387933.23,9555242.73,10829022.58,10683196.34,4833906.44,2238149.73,2184239.59,699079.55,365096.27,23.09,26.16,25.81,11.68,5.41,5.28,1.69,0.88
2022,8,2022-08-01,CAISO,California ISO,Western,43940688.96,51932810.79,11850040.78,13921013.55,5805875.73,6252032.69,6387937.59,6330563.73,944434.68,440912.04,22.82,26.81,11.18,12.04,12.3,12.19,1.82,0.85
2022,8,2022-08-01,ERCOT,ERCOT (Texas),South,68138066.84,74530478.36,19289043.34,21140017.18,7919727.19,17739474.74,5146392.08,1238314.49,1333646.3,723863.04,25.88,28.36,10.63,23.8,6.91,1.66,1.79,0.97
2022,8,2022-08-01,MISO,Midcontinent ISO,Midwest,148822663.95,156891075.15,43320134.21,49542055.84,15331793.91,20723146.54,9155423.37,14078677.08,3118419.13,1621425.08,27.61,31.58,9.77,13.21,5.84,8.97,1.99,1.03
2022,8,2022-08-01,PJM,Pennsylvania-Jersey-Maryland,Northeast,158124693.47,205402225.23,47944947.8,48119173.96,60566700.05,21143007.64,10655224.75,12441151.93,2937042.36,1594976.74,23.34,23.43,29.49,10.29,5.19,6.06,1.43,0.78
2022,8,2022-08-01,SPP,Southwest Power Pool,South-Central,114445654.24,138970686.38,31530657.23,36799560.3,15527476.88,31671876.98,16648728.32,2998899.32,2540017.26,1253470.08,22.69,26.48,11.17,22.79,11.98,2.16,1.83,0.9
2022,8,2022-08-01,WECC,Western Electricity Coordinating Council,Western,154492858.42,187424563.37,38693783.94,53795389.89,19985095.87,19205338.0,26681138.33,24226525.83,3188097.88,1649193.63,20.64,28.7,10.66,10.25,14.24,12.93,1.7,0.88
2022,8,2022-08-01,NY_ISO,New York ISO,Northeast,28532102.82,32815744.02,9220184.31,9356843.63,3391825.58,3815780.78,1961741.62,4274867.22,539691.3,254809.58,28.1,28.51,10.34,11.63,5.98,13.03,1.64,0.78
2022,8,2022-08-01,ISO_NE,ISO New England,Northeast,28612171.15,38585822.33,7862747.37,10054003.46,10449636.64,4300624.83,2181700.46,2911905.19,575148.06,250056.32,20.38,26.06,27.08,11.15,5.65,7.55,1.49,0.65
2022,9,2022-09-01,CAISO,California ISO,Western,50609178.38,61804673.77,13071252.87,15660792.7,6485552.82,7755404.26,8668850.58,8772552.77,912807.48,477460.29,21.15,25.34,10.49,12.55,14.03,14.19,1.48,0.77
2022,9,2022-09-01,ERCOT,ERCOT (Texas),South,58279406.41,66019685.68,17125948.23,18820424.56,6276970.75,16371711.42,4596832.11,997918.68,1171784.17,658095.74,25.94,28.51,9.51,24.8,6.96,1.51,1.77,1.0
2022,9,2022-09-01,MISO,Midcontinent ISO,Midwest,137930185.85,146739949.89,40387681.61,43829147.14,17745180.37,20815442.67,8988697.04,11061716.05,2606485.25,1305599.76,27.52,29.87,12.09,14.19,6.13,7.54,1.78,0.89
2022,9,2022-09-01,PJM,Pennsylvania-Jersey-Maryland,Northeast,161475952.33,211934659.62,41752170.29,51197171.91,64210666.68,24739223.84,11975605.25,12623967.92,3580700.47,1855153.25,19.7,24.16,30.3,11.67,5.65,5.96,1.69,0.88
2022,9,2022-09-01,SPP,Southwest Power Pool,South-Central,112289288.81,137153109.94,31589129.87,35676483.0,15059200.3,29906526.01,19589308.23,1883957.44,2285847.32,1162657.78,23.03,26.01,10.98,21.81,14.28,1.37,1.67,0.85
2022,9,2022-09-01,WECC,Western Electricity Coordinating Council,Western,159554954.78,186550467.1,45142476.57,43322250.64,17487857.37,20000347.5,28223410.41,27349772.25,3313725.6,1710626.75,24.2,23.22,9.37,10.72,15.13,14.66,1.78,0.92
2022,9,2022-09-01,NY_ISO,New York ISO,Northeast,25909989.52,27340753.38,6508411.17,8705665.47,3526597.42,3238651.02,1774961.98,2772342.92,552871.6,261251.81,23.8,31.84,12.9,11.85,6.49,10.14,2.02,0.96
2022,9,2022-09-01,ISO_NE,ISO New England,Northeast,26444985.23,33125646.46,7742279.03,7044788.48,10003223.01,3456138.76,1950586.19,2199149.66,484030.92,245450.39,23.37,21.27,30.2,10.43,5.89,6.64,1.46,0.74
2022,10,2022-10-01,CAISO,California ISO,Western,46419037.04,58119503.45,13456203.91,14056972.87,5156635.97,7023663.04,8654101.25,8470933.22,892659.42,408333.79,23.15,24.19,8.87,12.08,14.89,14.58,1.54,0.7
2022,10,2022-10-01,ERCOT,ERCOT (Texas),South,60164521.42,65198447.05,17281203.91,19197055.02,6226086.24,15615561.41,3808708.54,1160887.46,1240599.01,668345.45,26.51,29.44,9.55,23.95,5.84,1.78,1.9,1.03
2022,10,2022-10-01,MISO,Midcontinent ISO,Midwest,157181262.09,159932504.35,39091568.07,43783440.86,21165255.48,25301662.9,12250550.19,13128496.0,3612285.18,1599245.66,24.44,27.38,13.23,15.82,7.66,8.21,2.26,1.0
2022,10,2022-10-01,PJM,Pennsylvania-Jersey-Maryland,Northeast,138961944.41,164158945.05,39312275.06,37615835.82,45702360.07,17685375.05,9345673.91,10204687.04,3000665.36,1292072.74,23.95,22.91,27.84,10.77,5.69,6.22,1.83,0.79
2022,10,2022-10-01,SPP,Southwest Power Pool,South-Central,117421821.3,149016753.95,35718268.17,39265822.17,15335322.09,35860126.45,17534197.33,2034071.99,2225741.54,1043204.2,23.97,26.35,10.29,24.06,11.77,1.36,1.49,0.7
2022,10,2022-10-01,WECC,Western Electricity Coordinating Council,Western,171720138.38,203452254.17,47478031.48,51168573.12,18100426.07,27556854.93,30800465.17,22823012.2,3915726.07,1609165.14,23.34,25.15,8.9,13.54,15.14,11.22,1.92,0.79
2022,10,2022-10-01,NY_ISO,New York ISO,Northeast,28636746.95,31967291.82,8796621.37,9178604.31,3633065.02,3660196.79,2072034.94,3669440.37,631835.15,325493.88,27.52,28.71,11.36,11.45,6.48,11.48,1.98,1.02
2022,10,2022-10-01,ISO_NE,ISO New England,Northeast,26795413.05,34361739.42,8823901.75,8083014.98,8323292.02,3391990.41,2052949.86,2838782.54,591822.8,255985.05,25.68,23.52,24.22,9.87,5.97,8.26,1.72,0.74
2022,11,2022-11-01,CAISO,California ISO,Western,47917171.55,58559273.27,14321667.36,13000664.17,5395991.06,7643789.6,9049242.66,7598547.94,1067778.14,481592.33,24.46,22.2,9.21,13.05,15.45,12.98,1.82,0.82
2022,11,2022-11-01,ERCOT,ERCOT (Texas),South,68206046.22,73787735.11,17989388.95,21220697.58,7285205.47,19983442.32,4079241.36,1178879.67,1319418.28,731461.47,24.38,28.76,9.87,27.08,5.53,1.6,1.79,0.99
2022,11,2022-11-01,MISO,Midcontinent ISO,Midwest,128532810.92,135099673.21,35662448.95,37042863.93,17203941.29,18023471.81,10334457.33,12731331.58,2667909.09,1433249.25,26.4,27.42,12.73,13.34,7.65,9.42,1.97,1.06
2022,11,2022-11-01,PJM,Pennsylvania-Jersey-Maryland,Northeast,155117551.77,211385391.78,46827176.51,53842776.71,62395546.0,23193853.45,10433098.77,10020500.9,2966572.29,1705867.14,22.15,25.47,29.52,10.97,4.94,4.74,1.4,0.81
2022,11,2022-11-01,SPP,Southwest Power Pool,South-Central,108767090.82,128785549.65,31814167.49,30769041.82,12063886.04,29812295.01,19632671.43,1549271.56,2112995.23,1031221.07,24.7,23.89,9.37,23.15,15.24,1.2,1.64,0.8
2022,11,2022-11-01,WECC,Western Electricity Coordinating Council,Western,151621322.36,179484755.81,39067585.5,42354065.48,16810606.07,24328347.94,22203248.09,29768892.13,3366625.21,1585385.39,21.77,23.6,9.37,13.55,12.37,16.59,1.88,0.88
2022,11,2022-11-01,NY_ISO,New York ISO,Northeast,26131417.34,28276099.58,7729527.57,7109586.92,2671904.51,3798339.37,1821631.2,4349570.13,546579.03,248960.84,27.34,25.14,9.45,13.43,6.44,15.38,1.93,0.88
2022,11,2022-11-01,ISO_NE,ISO New England,Northeast,27968267.78,34754940.82,6935099.64,9816426.61,9366236.03,4062344.51,1824548.9,1989654.86,492608.61,268021.66,19.95,28.24,26.95,11.69,5.25,5.72,1.42,0.77
2022,12,2022-12-01,CAISO,California ISO,Western,47099104.32,57476316.93,12675860.36,15744634.4,5912669.42,6703995.13,7270868.23,7794726.57,915985.65,457577.18,22.05,27.39,10.29,11.66,12.65,13.56,1.59,0.8
2022,12,2022-12-01,ERCOT,ERCOT (Texas),South,64995522.86,70307283.43,21200479.52,17250989.89,8350102.47,15552064.92,4672243.93,1495354.84,1196584.2,589463.65,30.15,24.54,11.88,22.12,6.65,2.13,1.7,0.84
2022,12,2022-12-01,MISO,Midcontinent ISO,Midwest,142491189.04,144395511.98,36701444.59,39768988.96,17611030.28,21053204.14,11427809.84,13142535.04,3222142.28,1468356.84,25.42,27.54,12.2,14.58,7.91,9.1,2.23,1.02
2022,12,2022-12-01,PJM,Pennsylvania-Jersey-Maryland,Northeast,162480078.48,190598368.34,47539411.88,44962430.84,48449105.72,23032996.45,10487149.6,11065292.5,3479478.65,1582502.7,24.94,23.59,25.42,12.08,5.5,5.81,1.83,0.83
2022,12,2022-12-01,SPP,Southwest Power Pool,South-Central,108260200.53,131520870.64,27841449.01,35973998.87,12445810.63,33084214.76,16723669.67,2013669.11,2262765.72,1175292.87,21.17,27.35,9.46,25.16,12.72,1.53,1.72,0.89
2022,12,2022-12-01,WECC,Western Electricity Coordinating Council,Western,167721303.13,196731105.24,55025005.22,44840881.98,21663253.86,20774110.14,24431326.86,25524164.83,2863324.37,1609037.99,27.97,22.79,11.01,10.56,12.42,12.97,1.46,0.82
2022,12,2022-12-01,NY_ISO,New York ISO,Northeast,28537862.33,31899933.9,8824162.67,8371234.59,3622265.46,4022291.18,2294220.43,3908542.94,548010.97,309205.65,27.66,26.24,11.36,12.61,7.19,12.25,1.72,0.97
2022,12,2022-12-01,ISO_NE,ISO New England,Northeast,27635489.72,37428366.73,8994461.79,8936777.53,10342285.35,4127625.1,2006256.35,2246308.1,484370.13,290282.39,24.03,23.88,27.63,11.03,5.36,6.0,1.29,0.78
2023,1,2023-01-01,CAISO,California ISO,Western,57394588.1,66664352.45,13911434.25,16497065.73,6818659.56,9580125.36,9841542.78,8394422.85,1122492.38,498609.55,20.87,24.75,10.23,14.37,14.76,12.59,1.68,0.75
2023,1,2023-01-01,ERCOT,ERCOT (Texas),South,82332677.98,91681048.98,21048474.84,26038770.87,10573723.84,23557129.41,6049275.74,2021730.49,1683575.75,708368.03,22.96,28.4,11.53,25.69,6.6,2.21,1.84,0.77
2023,1,2023-01-01,MISO,Midcontinent ISO,Midwest,172632092.47,184649068.43,48240490.85,59125196.19,17812871.87,25417608.63,15250608.6,13511908.95,3404503.87,1885879.47,26.13,32.02,9.65,13.77,8.26,7.32,1.84,1.02
2023,1,2023-01-01,PJM,Pennsylvania-Jersey-Maryland,Northeast,178812511.64,237586161.79,55370745.41,52207315.85,65011113.99,30339036.3,15886586.63,13307435.13,3865008.96,1598919.52,23.31,21.97,27.36,12.77,6.69,5.6,1.63,0.67
2023,1,2023-01-01,SPP,Southwest Power Pool,South-Central,134770783.95,168240765.93,33907108.32,45096606.9,15363273.02,39046425.83,28068537.07,2824364.65,2656476.8,1277973.34,20.15,26.8,9.13,23.21,16.68,1.68,1.58,0.76
2023,1,2023-01-01,WECC,Western Electricity Coordinating Council,Western,178190124.18,211923422.17,50774219.54,48580022.36,21984725.02,25933770.33,36212606.36,22835976.7,4002396.01,1599705.86,23.96,22.92,10.37,12.24,17.09,10.78,1.89,0.75
2023,1,2023-01-01,NY_ISO,New York ISO,Northeast,35820264.05,39362186.66,11267089.28,10329742.66,4759211.41,4775515.99,2482212.31,4559356.55,778486.38,410572.08,28.62,26.24,12.09,12.13,6.31,11.58,1.98,1.04
2023,1,2023-01-01,ISO_NE,ISO New England,Northeast,30749843.61,40411979.09,9658646.28,10004567.41,9195532.76,5065228.73,2572125.33,2994156.36,642427.39,279294.82,23.9,24.76,22.75,12.53,6.36,7.41,1.59,0.69
2023,2,2023-02-01,CAISO,California ISO,Western,45839473.1,58028463.62,11812455.3,16442286.17,4911110.5,6616116.02,9805638.94,7078172.64,920943.37,441740.7,20.36,28.33,8.46,11.4,16.9,12.2,1.59,0.76
2023,2,2023-02-01,ERCOT,ERCOT (Texas),South,59041139.25,68686204.29,17031092.71,20720740.64,6767676.09,16562185.85,4555951.83,1395088.6,1128425.2,525043.37,24.8,30.17,9.85,24.11,6.63,2.03,1.64,0.76
2023,2,2023-02-01,MISO,Midcontinent ISO,Midwest,137623602.79,157437704.68,43399976.5,46993584.79,18885307.69,18910765.33,10902129.34,14148160.15,2871927.44,1325853.45,27.57,29.85,12.0,12.01,6.92,8.99,1.82,0.84
2023,2,2023-02-01,PJM,Pennsylvania-Jersey-Maryland,Northeast,130026315.17,160968629.38,31092271.02,38239244.79,45245941.05,20267510.16,10587090.87,11662087.18,2517747.19,1356737.13,19.32,23.76,28.11,12.59,6.58,7.24,1.56,0.84
2023,2,2023-02-01,SPP,Southwest Power Pool,South-Central,94834039.81,122347298.54,22494134.37,34166324.57,12337812.79,31330039.39,17675293.86,1703019.3,1635307.46,1005366.8,18.39,27.93,10.08,25.61,14.45,1.39,1.34,0.82
2023,2,2023-02-01,WECC,Western Electricity Coordinating Council,Western,154321702.4,193442897.95,40952151.22,50787454.81,20945306.82,25434106.78,29154459.69,22017138.03,2656740.85,1495539.75,21.17,26.25,10.83,13.15,15.07,11.38,1.37,0.77
2023,2,2023-02-01,NY_ISO,New York ISO,Northeast,24478024.86,28873481.2,7287582.44,8164051.5,3013695.35,3869308.1,1791982.01,3932563.99,537605.32,276692.48,25.24,28.28,10.44,13.4,6.21,13.62,1.86,0.96
2023,2,2023-02-01,ISO_NE,ISO New England,Northeast,22889744.35,28712521.79,6721452.25,6794305.23,7306400.31,3832106.63,1704841.29,1744986.65,411346.3,197083.14,23.41,23.66,25.45,13.35,5.94,6.08,1.43,0.69
2023,3,2023-03-01,CAISO,California ISO,Western,44670826.83,54113491.24,12705121.59,14203641.84,5839121.47,6327903.05,7428191.21,6197217.51,1000246.36,412048.2,23.48,26.25,10.79,11.69,13.73,11.45,1.85,0.76
2023,3,2023-03-01,ERCOT,ERCOT (Texas),South,68262002.3,79809031.97,18588131.73,22676694.4,8587321.82,21723604.02,4946711.8,1152824.42,1492334.62,641409.15,23.29,28.41,10.76,27.22,6.2,1.44,1.87,0.8
2023,3,2023-03-01,MISO,Midcontinent ISO,Midwest,142568114.55,143809341.47,35789029.38,44806675.0,16475976.11,18417997.5,11436014.19,12488820.45,3158526.12,1236302.73,24.89,31.16,11.46,12.81,7.95,8.68,2.2,0.86
2023,3,2023-03-01,PJM,Pennsylvania-Jersey-Maryland,Northeast,149704065.4,185901624.85,39641099.8,45752546.22,46615263.25,21802792.64,13532234.49,13722714.29,3175315.99,1659658.17,21.32,24.61,25.08,11.73,7.28,7.38,1.71,0.89
2023,3,2023-03-01,SPP,Southwest Power Pool,South-Central,105208952.51,133097797.13,32131867.35,33977378.29,11368628.29,30906066.93,18937624.59,2462529.14,2118729.99,1194972.54,24.14,25.53,8.54,23.22,14.23,1.85,1.59,0.9
2023,3,2023-03-01,WECC,Western Electricity Coordinating Council,Western,164183183.6,188709040.51,40488146.84,50144158.55,19442644.65,21694556.72,28034328.99,23651294.13,3448416.55,1805494.08,21.46,26.57,10.3,11.5,14.86,12.53,1.83,0.96
2023,3,2023-03-01,NY_ISO,New York ISO,Northeast,30519754.75,32814211.51,7649632.66,9227437.97,3949725.68,4892509.03,2391607.44,3755163.18,629123.36,319012.21,23.31,28.12,12.04,14.91,7.29,11.44,1.92,0.97
2023,3,2023-03-01,ISO_NE,ISO New England,Northeast,28257487.39,33016361.2,7826342.4,7976387.88,8424188.43,3607827.27,2335330.53,2048399.6,486288.14,311596.94,23.7,24.16,25.52,10.93,7.07,6.2,1.47,0.94
2023,4,2023-04-01,CAISO,California ISO,Western,42290715.25,56269175.32,13057383.26,15558633.67,5359279.25,6166497.15,7558124.96,7168127.18,925097.65,476032.19,23.21,27.65,9.52,10.96,13.43,12.74,1.64,0.85
2023,4,2023-04-01,ERCOT,ERCOT (Texas),South,62467160.07,68115713.98,14733484.95,17593697.96,7543948.57,20217527.13,4746323.78,1375264.15,1347655.07,557812.39,21.63,25.83,11.08,29.68,6.97,2.02,1.98,0.82
2023,4,2023-04-01,MISO,Midcontinent ISO,Midwest,137401551.16,143044515.32,36301385.22,38320834.42,18840657.13,23048988.95,9490940.35,13148853.06,2474621.66,1418234.51,25.38,26.79,13.17,16.11,6.63,9.19,1.73,0.99
2023,4,2023-04-01,PJM,Pennsylvania-Jersey-Maryland,Northeast,134159517.17,163817946.36,35857548.03,36788773.89,43332003.44,21769727.82,12126254.05,9623232.44,2796596.07,1523810.61,21.89,22.46,26.45,13.29,7.4,5.87,1.71,0.93
2023,4,2023-04-01,SPP,Southwest Power Pool,South-Central,115738106.25,157941486.65,34378104.67,42099651.94,12704987.5,38168762.29,25165453.75,2245007.03,2181615.0,997904.48,21.77,26.66,8.04,24.17,15.93,1.42,1.38,0.63
2023,4,2023-04-01,WECC,Western Electricity Coordinating Council,Western,159563895.15,199038314.04,43593823.63,49022094.21,16710966.17,25435467.12,33452637.19,25594282.71,3575194.92,1653848.08,21.9,24.63,8.4,12.78,16.81,12.86,1.8,0.83
2023,4,2023-04-01,NY_ISO,New York ISO,Northeast,25163348.9,29981361.51,7438375.44,8484881.31,3330055.78,3691979.39,2139520.52,4158719.52,468013.4,269816.16,24.81,28.3,11.11,12.31,7.14,13.87,1.56,0.9
2023,4,2023-04-01,ISO_NE,ISO New England,Northeast,26636249.75,31965577.94,6519960.2,8628440.9,8499960.67,3815397.21,1982708.56,1725253.58,554871.51,238985.31,20.4,26.99,26.59,11.94,6.2,5.4,1.74,0.75
2023,5,2023-05-01,CAISO,California ISO,Western,48981519.71,57282758.23,12415402.69,14869669.61,5057686.82,7905838.36,9336239.12,6354841.36,898108.34,444971.94,21.67,25.96,8.83,13.8,16.3,11.09,1.57,0.78
2023,5,2023-05-01,ERCOT,ERCOT (Texas),South,65938977.04,76496164.66,18781163.75,18446673.7,9017718.39,21805925.73,5299396.7,1313227.53,1191838.04,640220.83,24.55,24.11,11.79,28.51,6.93,1.72,1.56,0.84
2023,5,2023-05-01,MISO,Midcontinent ISO,Midwest,147863054.43,155768249.13,40709617.15,43180229.37,19535280.47,23255679.08,10808169.63,13320839.17,3311052.33,1647381.93,26.13,27.72,12.54,14.93,6.94,8.55,2.13,1.06
2023,5,2023-05-01,PJM,Pennsylvania-Jersey-Maryland,Northeast,145127753.91,190811885.29,40430408.44,52286209.43,47738858.64,23079129.17,12262238.58,10357256.22,3093701.19,1564083.63,21.19,27.4,25.02,12.1,6.43,5.43,1.62,0.82
2023,5,2023-05-01,SPP,Southwest Power Pool,South-Central,120369341.25,152686018.84,31805310.3,38893367.12,15276909.05,37567983.5,23254279.63,1972918.35,2586168.91,1329081.97,20.83,25.47,10.01,24.6,15.23,1.29,1.69,0.87
2023,5,2023-05-01,WECC,Western Electricity Coordinating Council,Western,158391868.08,187026372.95,38191554.92,48694477.82,20397231.85,23060106.71,33190581.76,18449210.31,3551039.29,1492170.28,20.42,26.04,10.91,12.33,17.75,9.86,1.9,0.8
2023,5,2023-05-01,NY_ISO,New York ISO,Northeast,29251612.48,35778620.41,8519202.67,10717939.12,3345330.93,4232544.86,2687896.89,5476907.84,513605.27,285192.82,23.81,29.96,9.35,11.83,7.51,15.31,1.44,0.8
2023,5,2023-05-01,ISO_NE,ISO New England,Northeast,26382058.13,33969602.82,8115303.85,7991812.8,9455238.2,3596758.9,1882230.92,2121070.49,580011.52,227176.14,23.89,23.53,27.83,10.59,5.54,6.24,1.71,0.67
2023,6,2023-06-01,CAISO,California ISO,Western,51622927.51,64030385.22,15105588.24,14423065.33,6266478.1,8873089.56,9965565.73,7874085.88,1022780.13,499732.24,23.59,22.53,9.79,13.86,15.56,12.3,1.6,0.78
2023,6,2023-06-01,ERCOT,ERCOT (Texas),South,62656925.79,72836260.14,16924326.69,19923416.33,6928460.46,20213967.88,5546362.38,1238951.05,1402855.41,657919.95,23.24,27.35,9.51,27.75,7.61,1.7,1.93,0.9
2023,6,2023-06-01,MISO,Midcontinent ISO,Midwest,156987784.62,159302551.33,41066267.26,47318927.16,16110357.37,26594775.04,14003698.0,9950533.38,2819449.86,1438543.27,25.78,29.7,10.11,16.69,8.79,6.25,1.77,0.9
2023,6,2023-06-01,PJM,Pennsylvania-Jersey-Maryland,Northeast,143191082.75,182720638.81,37403887.25,52235615.02,44179267.6,24063278.31,11157978.14,9757700.75,2507420.09,1415491.65,20.47,28.59,24.18,13.17,6.11,5.34,1.37,0.77
2023,6,2023-06-01,SPP,Southwest Power Pool,South-Central,121503914.37,148255808.42,30891819.12,36160931.32,13175730.93,37809846.18,23918703.56,2269759.93,2684997.57,1344019.82,20.84,24.39,8.89,25.5,16.13,1.53,1.81,0.91
2023,6,2023-06-01,WECC,Western Electricity Coordinating Council,Western,158407624.81,185230752.53,50318578.37,46769177.2,16541305.98,20622484.17,27245332.31,19307771.11,2923913.27,1502190.13,27.17,25.25,8.93,11.13,14.71,10.42,1.58,0.81
2023,6,2023-06-01,NY_ISO,New York ISO,Northeast,28364817.92,32708198.14,8183099.13,9824007.53,3247737.46,4206348.21,2029711.94,4414698.81,502792.54,299802.51,25.02,30.04,9.93,12.86,6.21,13.5,1.54,0.92
2023,6,2023-06-01,ISO_NE,ISO New England,Northeast,25619469.22,31583378.85,6702348.43,7850216.87,7849866.13,4124110.38,2013287.55,2315739.27,489366.64,238443.58,21.22,24.86,24.85,13.06,6.37,7.33,1.55,0.75
2023,7,2023-07-01,CAISO,California ISO,Western,62733261.2,71792781.07,15754167.72,18390261.48,7035913.37,8543942.73,11835966.99,8181795.96,1417635.39,633097.43,21.94,25.62,9.8,11.9,16.49,11.4,1.97,0.88
2023,7,2023-07-01,ERCOT,ERCOT (Texas),South,76157266.7,85225476.82,21321447.31,25422666.92,7852115.34,21038569.41,5520058.24,1761643.76,1651811.4,657164.43,25.02,29.83,9.21,24.69,6.48,2.07,1.94,0.77
2023,7,2023-07-01,MISO,Midcontinent ISO,Midwest,191143110.64,196627653.47,50618441.15,56085732.49,22235048.6,30470485.15,14399114.18,17320943.02,3725052.41,1772836.47,25.74,28.52,11.31,15.5,7.32,8.81,1.89,0.9
2023,7,2023-07-01,PJM,Pennsylvania-Jersey-Maryland,Northeast,183512843.72,250419741.93,56787194.04,54877336.27,71586628.08,30044074.61,15599387.82,16497743.08,3348613.97,1678764.04,22.68,21.91,28.59,12.0,6.23,6.59,1.34,0.67
2023,7,2023-07-01,SPP,Southwest Power Pool,South-Central,129248494.02,169223445.45,36734043.27,47115143.04,16324386.76,40739146.36,22211199.31,2566058.68,2262678.65,1270789.39,21.71,27.84,9.65,24.07,13.13,1.52,1.34,0.75
2023,7,2023-07-01,WECC,Western Electricity Coordinating Council,Western,208944066.54,245611652.15,64908678.57,57271941.16,23408120.16,29729865.51,38663257.31,25939582.48,3817407.38,1872799.59,26.43,23.32,9.53,12.1,15.74,10.56,1.55,0.76
2023,7,2023-07-01,NY_ISO,New York ISO,Northeast,31890048.71,34154264.72,7733603.51,9733214.56,3470290.62,4527974.9,2576698.71,5172520.21,595132.07,344830.13,22.64,28.5,10.16,13.26,7.54,15.14,1.74,1.01
2023,7,2023-07-01,ISO_NE,ISO New England,Northeast,34510817.49,47680199.39,10889743.25,12126127.89,13297515.54,4858790.52,2920224.03,2648067.01,621661.59,318069.58,22.84,25.43,27.89,10.19,6.12,5.55,1.3,0.67
2023,8,2023-08-01,CAISO,California ISO,Western,47985772.3,59796950.5,12013444.54,15071509.72,5438818.01,6908584.94,10134114.05,8912677.25,853137.0,464665.02,20.09,25.2,9.1,11.55,16.95,14.9,1.43,0.78
2023,8,2023-08-01,ERCOT,ERCOT (Texas),South,64767184.68,75288744.12,19222282.3,20421429.15,8027867.58,19896878.89,4502343.03,1218886.9,1295501.74,703554.52,25.53,27.12,10.66,26.43,5.98,1.62,1.72,0.93
2023,8,2023-08-01,MISO,Midcontinent ISO,Midwest,154315820.3,152967514.46,42291907.16,47071557.39,16639800.56,19891225.04,12537363.55,9518933.58,3536506.77,1480220.4,27.65,30.77,10.88,13.0,8.2,6.22,2.31,0.97
2023,8,2023-08-01,PJM,Pennsylvania-Jersey-Maryland,Northeast,141318264.44,186752143.45,43709445.03,42890354.06,52505004.64,21107133.03,11707646.89,10434513.46,2935795.06,1462251.27,23.41,22.97,28.11,11.3,6.27,5.59,1.57,0.78
2023,8,2023-08-01,SPP,Southwest Power Pool,South-Central,118448647.31,143374721.36,31596547.2,39952444.32,15452682.84,29402352.46,21288140.95,2132578.67,2436740.27,1113234.66,22.04,27.87,10.78,20.51,14.85,1.49,1.7,0.78
2023,8,2023-08-01,WECC,Western Electricity Coordinating Council,Western,148650213.69,178551674.47,38295002.4,52588908.44,15686791.73,20653947.78,29481663.3,17770350.09,2720592.71,1354418.02,21.45,29.45,8.79,11.57,16.51,9.95,1.52,0.76
2023,8,2023-08-01,NY_ISO,New York ISO,Northeast,28060296.14,32998093.16,7883381.25,9470529.34,3845417.3,4716574.96,2341610.99,3837070.86,626857.76,276650.68,23.89,28.7,11.65,14.29,7.1,11.63,1.9,0.84
2023,8,2023-08-01,ISO_NE,ISO New England,Northeast,26436435.33,34778011.35,8171540.62,9409149.37,8360735.9,4142868.44,2344383.11,1561667.04,507029.48,280637.38,23.5,27.05,24.04,11.91,6.74,4.49,1.46,0.81
2023,9,2023-09-01,CAISO,California ISO,Western,49323505.51,64912067.4,12703362.47,17015404.72,6009052.4,8319982.81,10025436.43,9245704.17,1124110.85,469013.55,19.57,26.21,9.26,12.82,15.44,14.24,1.73,0.72
2023,9,2023-09-01,ERCOT,ERCOT (Texas),South,61911395.09,71422673.76,18215546.97,22275303.32,7358807.16,15640808.42,4616768.25,1427388.99,1236989.02,651061.63,25.5,31.19,10.3,21.9,6.46,2.0,1.73,0.91
2023,9,2023-09-01,MISO,Midcontinent ISO,Midwest,155509394.81,164259937.72,43513672.94,44976120.87,20568184.57,24956879.99,13337751.7,12554447.92,2873960.56,1478919.17,26.49,27.38,12.52,15.19,8.12,7.64,1.75,0.9
2023,9,2023-09-01,PJM,Pennsylvania-Jersey-Maryland,Northeast,160546265.56,224076264.98,44158192.04,57548432.9,64231077.37,25518983.06,14156587.24,13789433.5,3114086.45,1559472.42,19.71,25.68,28.66,11.39,6.32,6.15,1.39,0.7
2023,9,2023-09-01,SPP,Southwest Power Pool,South-Central,114211053.71,135214839.59,33923853.15,33053631.4,11697125.81,29587469.32,20882444.27,2250665.51,2616727.16,1202922.98,25.09,24.45,8.65,21.88,15.44,1.66,1.94,0.89
2023,9,2023-09-01,WECC,Western Electricity Coordinating Council,Western,160829838.42,201422958.46,46564682.14,48934077.25,18668281.77,26752761.42,28177665.08,26951229.19,3582629.38,1791632.23,23.12,24.29,9.27,13.28,13.99,13.38,1.78,0.89
2023,9,2023-09-01,NY_ISO,New York ISO,Northeast,26793512.13,29095985.28,6363340.81,7993561.9,3226073.2,4479466.37,2054609.79,4145760.51,573867.4,259305.31,21.87,27.47,11.09,15.4,7.06,14.25,1.97,0.89
2023,9,2023-09-01,ISO_NE,ISO New England,Northeast,26540895.48,35446162.14,8069512.77,8821202.47,9247972.76,3676236.36,2415676.99,2521238.89,454434.66,239887.25,22.77,24.89,26.09,10.37,6.82,7.11,1.28,0.68
2023,10,2023-10-01,CAISO,California ISO,Western,50983586.67,66621791.26,16040286.42,17172394.09,6147646.09,7381784.37,8819114.0,9546054.2,1005750.59,508761.5,24.08,25.78,9.23,11.08,13.24,14.33,1.51,0.76
2023,10,2023-10-01,ERCOT,ERCOT (Texas),South,66982535.51,73075298.11,18308234.07,19938636.84,8991076.58,17863425.11,5049187.11,991618.52,1264944.62,668175.27,25.05,27.29,12.3,24.45,6.91,1.36,1.73,0.91
2023,10,2023-10-01,MISO,Midcontinent ISO,Midwest,142979970.89,145499584.02,34836944.38,43424904.36,17980962.14,21479146.64,12614839.94,10533610.84,3151227.85,1477947.89,23.94,29.85,12.36,14.76,8.67,7.24,2.17,1.02
2023,10,2023-10-01,PJM,Pennsylvania-Jersey-Maryland,Northeast,151331918.78,194732457.6,37794521.17,55013353.76,55627321.47,20232565.5,10564989.56,10451935.99,3384457.09,1663313.06,19.41,28.25,28.57,10.39,5.43,5.37,1.74,0.85
2023,10,2023-10-01,SPP,Southwest Power Pool,South-Central,104789344.19,136587805.79,30208279.42,36535761.14,12975428.57,32516330.13,19905530.92,1525845.49,1899694.92,1020935.2,22.12,26.75,9.5,23.81,14.57,1.12,1.39,0.75
2023,10,2023-10-01,WECC,Western Electricity Coordinating Council,Western,150011200.6,184946722.88,39285168.67,51779675.46,19398895.54,19875805.98,30098990.76,20551266.72,2613736.9,1343182.85,21.24,28.0,10.49,10.75,16.27,11.11,1.41,0.73
2023,10,2023-10-01,NY_ISO,New York ISO,Northeast,30350407.61,33587148.33,7376816.96,8553984.15,4104657.39,4759514.57,2070219.98,5783387.33,627747.36,310820.59,21.96,25.47,12.22,14.17,6.16,17.22,1.87,0.93
2023,10,2023-10-01,ISO_NE,ISO New England,Northeast,26290648.13,33145279.28,7499565.29,8106282.92,8663374.31,3724218.0,2202618.29,2216987.0,465517.51,266715.97,22.63,24.46,26.14,11.24,6.65,6.69,1.4,0.8
2023,11,2023-11-01,CAISO,California ISO,Western,49264259.5,61817140.95,15372881.63,15248320.19,5751246.85,6887497.81,9526286.25,7710169.62,891594.38,429144.23,24.87,24.67,9.3,11.14,15.41,12.47,1.44,0.69
2023,11,2023-11-01,ERCOT,ERCOT (Texas),South,61814528.58,69247846.56,15106363.26,21850679.21,8226455.98,16526265.08,4275700.36,1434402.27,1211782.85,616197.54,21.81,31.55,11.88,23.87,6.17,2.07,1.75,0.89
2023,11,2023-11-01,MISO,Midcontinent ISO,Midwest,129203770.95,147990635.87,40617000.39,45214205.96,17571073.24,21154798.34,10505139.12,9392767.19,2202367.2,1333284.43,27.45,30.55,11.87,14.29,7.1,6.35,1.49,0.9
2023,11,2023-11-01,PJM,Pennsylvania-Jersey-Maryland,Northeast,157411479.3,198138335.97,42513447.33,53427064.95,47457808.82,22517996.78,12150190.9,14767911.31,3608504.34,1695411.54,21.46,26.96,23.95,11.36,6.13,7.45,1.82,0.86
2023,11,2023-11-01,SPP,Southwest Power Pool,South-Central,116327378.65,139734348.61,28623143.19,35494970.78,12716395.69,34389278.76,22962950.71,2061043.64,2159522.96,1327042.89,20.48,25.4,9.1,24.61,16.43,1.47,1.55,0.95
2023,11,2023-11-01,WECC,Western Electricity Coordinating Council,Western,147095191.43,178018810.16,35640260.13,50569505.98,15561147.49,22541171.25,27763149.62,21794680.04,2637076.89,1511818.76,20.02,28.41,8.74,12.66,15.6,12.24,1.48,0.85
2023,11,2023-11-01,NY_ISO,New York ISO,Northeast,25904565.92,26923628.15,7186993.65,7446478.64,2797369.04,3451978.59,2082838.7,3242691.02,478126.65,237151.86,26.69,27.66,10.39,12.82,7.74,12.04,1.78,0.88
2023,11,2023-11-01,ISO_NE,ISO New England,Northeast,25143529.24,30398119.07,6730945.78,7449547.98,7942387.2,3564939.14,2225807.2,1756072.13,500878.77,227540.88,22.14,24.51,26.13,11.73,7.32,5.78,1.65,0.75
2023,12,2023-12-01,CAISO,California ISO,Western,45592480.74,57392017.13,13131266.69,15659710.49,5744021.52,6130383.36,8629650.02,6815456.21,786231.67,495297.17,22.88,27.29,10.01,10.68,15.04,11.88,1.37,0.86
2023,12,2023-12-01,ERCOT,ERCOT (Texas),South,63092973.57,72386910.5,19389021.7,19309573.0,6628122.92,18548386.29,5672435.3,1056585.8,1080032.96,702752.53,26.79,26.68,9.16,25.62,7.84,1.46,1.49,0.97
2023,12,2023-12-01,MISO,Midcontinent ISO,Midwest,158740252.93,164010463.41,44017544.0,49237300.71,17423047.39,27205149.3,11851952.22,9822873.02,3080191.31,1372405.47,26.84,30.02,10.62,16.59,7.23,5.99,1.88,0.84
2023,12,2023-12-01,PJM,Pennsylvania-Jersey-Maryland,Northeast,154960317.69,187223240.46,37137724.81,48244504.44,52851809.43,20744692.47,12691611.75,11237436.18,2790758.92,1524702.47,19.84,25.77,28.23,11.08,6.78,6.0,1.49,0.81
2023,12,2023-12-01,SPP,Southwest Power Pool,South-Central,121272381.66,147349769.26,30192650.24,34310078.95,13429432.31,39460570.47,23931274.77,2486738.95,2194711.17,1344312.4,20.49,23.28,9.11,26.78,16.24,1.69,1.49,0.91
2023,12,2023-12-01,WECC,Western Electricity Coordinating Council,Western,155900961.93,203707166.1,40273301.46,56447457.24,18469399.75,25139610.49,28974398.11,29674531.32,3325559.44,1402908.3,19.77,27.71,9.07,12.34,14.22,14.57,1.63,0.69
2023,12,2023-12-01,NY_ISO,New York ISO,Northeast,26130712.83,29425044.59,8087973.9,8416444.96,2795883.88,3442933.71,1856498.39,3980467.6,583463.89,261378.26,27.49,28.6,9.5,11.7,6.31,13.53,1.98,0.89
2023,12,2023-12-01,ISO_NE,ISO New England,Northeast,28892512.19,38746474.72,8470932.93,9454842.11,9839521.38,4952329.5,2549712.83,2630756.41,594387.86,253991.7,21.86,24.4,25.39,12.78,6.58,6.79,1.53,0.66
2024,1,2024-01-01,CAISO,California ISO,Western,59777092.02,74691759.04,14424170.76,18121108.35,8111179.8,10175773.85,12874247.2,9107641.65,1251373.47,626263.95,19.31,24.26,10.86,13.62,17.24,12.19,1.68,0.84
2024,1,2024-01-01,ERCOT,ERCOT (Texas),South,82231074.38,90635754.41,21209002.8,24910958.53,9680242.16,22208863.33,8310880.68,1904953.46,1650676.74,760176.71,23.4,27.48,10.68,24.5,9.17,2.1,1.82,0.84
2024,1,2024-01-01,MISO,Midcontinent ISO,Midwest,175432920.17,190770091.12,50368745.65,51934440.86,22384891.28,31367778.78,15152238.87,14306439.58,3492193.82,1763362.27,26.4,27.22,11.73,16.44,7.94,7.5,1.83,0.92
2024,1,2024-01-01,PJM,Pennsylvania-Jersey-Maryland,Northeast,195707645.89,269184395.98,50055948.46,68902049.59,75631438.96,31889798.11,16555631.19,20417158.23,3830066.28,1902305.16,18.6,25.6,28.1,11.85,6.15,7.58,1.42,0.71
2024,1,2024-01-01,SPP,Southwest Power Pool,South-Central,140779556.02,178800562.2,36523492.28,41286703.98,15321451.97,44562275.19,34075661.76,2726927.61,2768639.07,1535410.34,20.43,23.09,8.57,24.92,19.06,1.53,1.55,0.86
2024,1,2024-01-01,WECC,Western Electricity Coordinating Council,Western,208811741.23,257415684.4,55904892.78,62523136.5,27574875.37,30763204.44,48912427.7,24762509.07,4581250.79,2393387.75,21.72,24.29,10.71,11.95,19.0,9.62,1.78,0.93
2024,1,2024-01-01,NY_ISO,New York ISO,Northeast,32677617.58,40221117.76,9902027.28,12176773.39,3442625.26,5476157.16,3285999.75,5019276.28,558631.28,359627.36,24.62,30.27,8.56,13.62,8.17,12.48,1.39,0.89
2024,1,2024-01-01,ISO_NE,ISO New England,Northeast,34149510.35,43433516.09,8395167.32,11441543.98,11254227.71,5364672.64,3462991.08,2476978.37,706023.28,331911.72,19.33,26.34,25.91,12.35,7.97,5.7,1.63,0.76
2024,2,2024-02-01,CAISO,California ISO,Western,48989543.14,63919820.37,14120248.13,16029947.35,6680625.61,6857662.17,11329783.18,7492909.1,966904.73,441740.11,22.09,25.08,10.45,10.73,17.72,11.72,1.51,0.69
2024,2,2024-02-01,ERCOT,ERCOT (Texas),South,65376188.29,73196133.31,15242600.11,19485940.03,7384539.78,21640963.13,6144559.35,1297778.57,1352116.1,647636.23,20.82,26.62,10.09,29.57,8.39,1.77,1.85,0.88
2024,2,2024-02-01,MISO,Midcontinent ISO,Midwest,123442860.86,125830894.55,33762426.32,34715982.9,14057204.79,20567758.02,9527493.29,9381768.1,2464474.75,1353786.39,26.83,27.59,11.17,16.35,7.57,7.46,1.96,1.08
2024,2,2024-02-01,PJM,Pennsylvania-Jersey-Maryland,Northeast,129253423.12,168045704.31,30528735.53,41080074.04,48533990.46,21029567.41,13327989.11,9949263.49,2198595.2,1397489.06,18.17,24.45,28.88,12.51,7.93,5.92,1.31,0.83
2024,2,2024-02-01,SPP,Southwest Power Pool,South-Central,112414415.2,151025566.01,27809728.53,39409601.82,15231568.0,38654079.55,24231251.43,2170787.11,2235813.72,1282735.84,18.41,26.09,10.09,25.59,16.04,1.44,1.48,0.85
2024,2,2024-02-01,WECC,Western Electricity Coordinating Council,Western,161143225.98,224740285.22,47255972.5,59686128.34,20307501.86,28768965.11,38280845.88,25054048.88,3685846.83,1700975.81,21.03,26.56,9.04,12.8,17.03,11.15,1.64,0.76
2024,2,2024-02-01,NY_ISO,New York ISO,Northeast,24161724.68,28056127.49,6685222.98,9110025.59,2653846.62,3401327.9,2209741.86,3353597.6,417136.2,225228.74,23.83,32.47,9.46,12.12,7.88,11.95,1.49,0.8
2024,2,2024-02-01,ISO_NE,ISO New England,Northeast,23637872.1,30581401.9,6392634.0,8126841.28,7828827.71,3269679.77,2171307.77,2055408.85,534493.64,202208.88,20.9,26.57,25.6,10.69,7.1,6.72,1.75,0.66
2024,3,2024-03-01,CAISO,California ISO,Western,46090074.04,59697683.15,10623501.13,17211674.03,5217559.57,6709378.85,9975956.46,8472052.84,977423.06,510137.22,17.8,28.83,8.74,11.24,16.71,14.19,1.64,0.85
2024,3,2024-03-01,ERCOT,ERCOT (Texas),South,73242349.9,86207573.82,16612772.91,25002222.94,9276504.09,24427510.57,6913574.16,1645756.4,1641101.04,688131.72,19.27,29.0,10.76,28.34,8.02,1.91,1.9,0.8
2024,3,2024-03-01,MISO,Midcontinent ISO,Midwest,136320736.32,146832127.57,40650316.03,44172995.18,18145457.57,18591141.6,11052628.19,10339055.52,2323392.39,1557141.08,27.68,30.08,12.36,12.66,7.53,7.04,1.58,1.06
2024,3,2024-03-01,PJM,Pennsylvania-Jersey-Maryland,Northeast,173994683.6,224546375.66,40321334.1,60112524.1,63746099.96,25088709.44,13463840.05,16441189.78,3731157.76,1641520.48,17.96,26.77,28.39,11.17,6.0,7.32,1.66,0.73
2024,3,2024-03-01,SPP,Southwest Power Pool,South-Central,118386398.36,142999849.55,27723613.79,33273161.3,13588603.69,35966683.71,26461263.35,2373082.74,2566216.25,1047224.73,19.39,23.27,9.5,25.15,18.5,1.66,1.79,0.73
2024,3,2024-03-01,WECC,Western Electricity Coordinating Council,Western,156832529.91,194792865.05,36838294.33,52224513.62,17172267.17,23136505.05,37206027.9,23578040.27,2871335.31,1765881.4,18.91,26.81,8.82,11.88,19.1,12.1,1.47,0.91
2024,3,2024-03-01,NY_ISO,New York ISO,Northeast,30596004.01,32938486.41,7901379.98,8969754.93,3522038.01,5027036.7,2633787.29,4026104.45,529606.17,328778.89,23.99,27.23,10.69,15.26,8.0,12.22,1.61,1.0
2024,3,2024-03-01,ISO_NE,ISO New England,Northeast,27121979.7,35119580.72,7154497.7,9155104.33,9150747.73,4563722.14,2515980.04,1842673.95,467145.25,269709.59,20.37,26.07,26.06,12.99,7.16,5.25,1.33,0.77
2024,4,2024-04-01,CAISO,California ISO,Western,48421928.61,62179386.24,14541246.47,14977442.88,5257740.11,8732337.13,9370112.64,7941867.14,926187.84,432452.03,23.39,24.09,8.46,14.04,15.07,12.77,1.49,0.7
2024,4,2024-04-01,ERCOT,ERCOT (Texas),South,59758938.7,74540795.09,17892505.53,20640469.53,6613247.5,21244378.8,5036208.53,1417482.0,1083278.66,613224.54,24.0,27.69,8.87,28.5,6.76,1.9,1.45,0.82
2024,4,2024-04-01,MISO,Midcontinent ISO,Midwest,139753610.99,154518283.14,40025637.35,49460175.72,16464604.31,19934117.5,14067213.64,10506227.99,2656930.48,1403376.15,25.9,32.01,10.66,12.9,9.1,6.8,1.72,0.91
2024,4,2024-04-01,PJM,Pennsylvania-Jersey-Maryland,Northeast,162927229.37,221591706.41,47139010.87,48653405.18,64823337.32,27302090.44,14195484.06,14303749.81,3591375.18,1583253.55,21.27,21.96,29.25,12.32,6.41,6.46,1.62,0.71
2024,4,2024-04-01,SPP,Southwest Power Pool,South-Central,105919367.4,131643686.88,26190584.52,31429105.91,12260041.42,35608576.52,21310745.18,1837799.1,1851128.96,1155705.27,19.9,23.87,9.31,27.05,16.19,1.4,1.41,0.88
2024,4,2024-04-01,WECC,Western Electricity Coordinating Council,Western,155817575.8,209456681.58,47523521.08,50533525.18,17481521.54,27198660.29,35355318.69,26263504.59,3339758.03,1760872.18,22.69,24.13,8.35,12.99,16.88,12.54,1.59,0.84
2024,4,2024-04-01,NY_ISO,New York ISO,Northeast,27559914.71,30268624.45,7070862.99,8952678.73,3514257.34,4767175.62,2195302.48,2952235.21,545064.22,271047.85,23.36,29.58,11.61,15.75,7.25,9.75,1.8,0.9
2024,4,2024-04-01,ISO_NE,ISO New England,Northeast,24792097.3,33747300.18,6703596.56,8193925.54,9883465.58,4226960.15,2178441.93,1842417.7,496972.64,221520.07,19.86,24.28,29.29,12.53,6.46,5.46,1.47,0.66
2024,5,2024-05-01,CAISO,California ISO,Western,53376373.26,71638390.35,15726954.72,17887927.67,7078920.19,9249051.51,12946816.08,7368298.68,925587.56,454833.94,21.95,24.97,9.88,12.91,18.07,10.29,1.29,0.63
2024,5,2024-05-01,ERCOT,ERCOT (Texas),South,60922635.03,73180521.99,15013539.03,20536468.22,8261050.02,20147670.1,5765832.22,1448866.43,1362005.29,645090.67,20.52,28.06,11.29,27.53,7.88,1.98,1.86,0.88
2024,5,2024-05-01,MISO,Midcontinent ISO,Midwest,151675428.37,175401314.55,40406316.11,57032161.85,18351506.49,27629195.93,13266414.03,14252838.36,2779643.18,1683238.59,23.04,32.52,10.46,15.75,7.56,8.13,1.58,0.96
2024,5,2024-05-01,PJM,Pennsylvania-Jersey-Maryland,Northeast,166147464.71,216192656.49,40590317.12,55921243.01,62781635.25,23680218.04,16290276.9,11332388.58,3721039.17,1875538.42,18.78,25.87,29.04,10.95,7.54,5.24,1.72,0.87
2024,5,2024-05-01,SPP,Southwest Power Pool,South-Central,118598677.71,150176952.96,32819281.54,34811894.27,14210391.49,35505031.67,26796134.84,2203906.46,2582532.43,1247780.27,21.85,23.18,9.46,23.64,17.84,1.47,1.72,0.83
2024,5,2024-05-01,WECC,Western Electricity Coordinating Council,Western,160121701.11,200175726.56,37906549.52,56131077.47,18200484.32,24898581.99,30862231.14,27440747.46,3098707.75,1637346.92,18.94,28.04,9.09,12.44,15.42,13.71,1.55,0.82
2024,5,2024-05-01,NY_ISO,New York ISO,Northeast,28332523.2,32738732.03,8419536.61,10332719.52,2925275.53,4523154.15,2296266.79,3404204.4,541333.71,296241.32,25.72,31.56,8.94,13.82,7.01,10.4,1.65,0.9
2024,5,2024-05-01,ISO_NE,ISO New England,Northeast,27132556.19,35117419.56,6475127.82,8320890.51,9810549.01,4898973.0,2407496.6,2394070.42,571008.11,239304.1,18.44,23.69,27.94,13.95,6.86,6.82,1.63,0.68
2024,6,2024-06-01,CAISO,California ISO,Western,48794697.85,62144970.62,13354814.87,16365751.01,5067520.86,7477964.02,10920347.39,7505980.64,981798.76,470793.08,21.49,26.33,8.15,12.03,17.57,12.08,1.58,0.76
2024,6,2024-06-01,ERCOT,ERCOT (Texas),South,64951825.88,82028551.2,18835144.53,22736244.68,8529793.83,21841053.28,6681262.41,1336621.62,1341907.26,726523.59,22.96,27.72,10.4,26.63,8.15,1.63,1.64,0.89
2024,6,2024-06-01,MISO,Midcontinent ISO,Midwest,140387987.29,154390881.28,37192405.97,46559488.52,17123458.6,23158502.29,13928739.55,12148015.67,2806496.17,1473774.5,24.09,30.16,11.09,15.0,9.02,7.87,1.82,0.95
2024,6,2024-06-01,PJM,Pennsylvania-Jersey-Maryland,Northeast,143083918.13,178982075.3,35974138.24,43652411.0,47734871.0,23506327.02,12193666.86,11474584.68,3137533.75,1308542.76,20.1,24.39,26.67,13.13,6.81,6.41,1.75,0.73
2024,6,2024-06-01,SPP,Southwest Power Pool,South-Central,111014733.14,150496061.08,30905834.76,41796774.14,13742744.42,34407248.11,23504016.8,2428199.36,2539002.09,1172241.41,20.54,27.77,9.13,22.86,15.62,1.61,1.69,0.78
2024,6,2024-06-01,WECC,Western Electricity Coordinating Council,Western,159789904.53,211390667.03,41056855.02,58507601.83,19603311.78,26928485.75,37075160.16,24020861.1,2716576.18,1481815.21,19.42,27.68,9.27,12.74,17.54,11.36,1.29,0.7
2024,6,2024-06-01,NY_ISO,New York ISO,Northeast,28130748.37,32729817.41,7601115.02,9687131.0,2986879.56,4661480.22,2598282.94,4423603.04,524494.11,246831.51,23.22,29.6,9.13,14.24,7.94,13.52,1.6,0.75
2024,6,2024-06-01,ISO_NE,ISO New England,Northeast,24218514.11,31692029.29,5874010.25,7110680.03,9620186.4,3965308.0,2468280.67,1886741.6,527389.16,239433.18,18.53,22.44,30.36,12.51,7.79,5.95,1.66,0.76
2024,7,2024-07-01,CAISO,California ISO,Western,58138556.68,77088898.02,17141133.21,20711218.24,7224124.79,9206835.59,12906420.82,8296942.91,1074582.14,527640.32,22.24,26.87,9.37,11.94,16.74,10.76,1.39,0.68
2024,7,2024-07-01,ERCOT,ERCOT (Texas),South,83218411.89,97186983.97,24759954.07,28207894.76,9816515.17,23212656.55,6643502.64,1950953.13,1843105.46,752402.19,25.48,29.02,10.1,23.88,6.84,2.01,1.9,0.77
2024,7,2024-07-01,MISO,Midcontinent ISO,Midwest,163107845.1,174718093.32,38507245.58,54697021.62,20048264.04,29688962.11,13164352.58,13416250.4,3548653.03,1647343.97,22.04,31.31,11.47,16.99,7.53,7.68,2.03,0.94
2024,7,2024-07-01,PJM,Pennsylvania-Jersey-Maryland,Northeast,208573975.5,272144604.3,53679749.02,77874844.4,67053047.62,32510385.26,17715355.41,16990917.79,3958781.18,2361523.63,19.72,28.62,24.64,11.95,6.51,6.24,1.45,0.87
2024,7,2024-07-01,SPP,Southwest Power Pool,South-Central,127063444.91,158315725.07,31854769.04,37336218.99,13892486.21,41086653.42,28068707.87,2298391.2,2655481.36,1123016.98,20.12,23.58,8.78,25.95,17.73,1.45,1.68,0.71
2024,7,2024-07-01,WECC,Western Electricity Coordinating Council,Western,206861611.54,277469185.12,62392461.61,71780957.55,25401352.82,31408109.68,50355977.41,29627207.18,4329380.84,2173738.03,22.49,25.87,9.15,11.32,18.15,10.68,1.56,0.78
2024,7,2024-07-01,NY_ISO,New York ISO,Northeast,37055152.91,41017373.46,10109661.14,11395394.16,5076529.91,5502598.95,3215777.29,4664983.05,631463.79,420965.18,24.65,27.78,12.38,13.42,7.84,11.37,1.54,1.03
2024,7,2024-07-01,ISO_NE,ISO New England,Northeast,32854811.45,44920869.82,9073153.34,10122464.45,12807488.84,5653812.96,3313225.8,2963592.66,632677.49,354454.28,20.2,22.53,28.51,12.59,7.38,6.6,1.41,0.79
2024,8,2024-08-01,CAISO,California ISO,Western,53509302.76,67861021.43,12369276.92,19897982.91,7238923.1,8476488.2,10490325.86,7669909.34,1119783.47,598331.64,18.23,29.32,10.67,12.49,15.46,11.3,1.65,0.88
2024,8,2024-08-01,ERCOT,ERCOT (Texas),South,72554834.66,81743307.82,16452450.68,25964309.79,8476271.31,21585253.05,5871130.86,1199851.91,1364432.99,829607.24,20.13,31.76,10.37,26.41,7.18,1.47,1.67,1.01
2024,8,2024-08-01,MISO,Midcontinent ISO,Midwest,158248887.65,170826352.7,39475868.44,55939375.23,17332217.45,26930403.92,15202287.75,11083226.66,3126968.33,1736004.93,23.11,32.75,10.15,15.76,8.9,6.49,1.83,1.02
2024,8,2024-08-01,PJM,Pennsylvania-Jersey-Maryland,Northeast,155953339.64,194065108.89,38386958.25,51162358.08,53341723.35,22932890.02,13334642.8,9865946.71,3548075.23,1492514.45,19.78,26.36,27.49,11.82,6.87,5.08,1.83,0.77
2024,8,2024-08-01,SPP,Southwest Power Pool,South-Central,115786720.36,155643113.52,35132744.9,42592101.27,13000873.24,33348021.12,25768339.7,2800439.84,1972508.15,1028085.3,22.57,27.37,8.35,21.43,16.56,1.8,1.27,0.66
2024,8,2024-08-01,WECC,Western Electricity Coordinating Council,Western,176675777.92,229697968.91,51051831.53,55222779.03,20669381.8,25619420.85,43504236.9,28351034.06,3473954.9,1805329.85,22.23,24.04,9.0,11.15,18.94,12.34,1.51,0.79
2024,8,2024-08-01,NY_ISO,New York ISO,Northeast,28094343.92,34459410.31,7933816.08,9381155.44,3826905.73,4938544.09,2487970.65,5108958.4,499854.66,282205.26,23.02,27.22,11.11,14.33,7.22,14.83,1.45,0.82
2024,8,2024-08-01,ISO_NE,ISO New England,Northeast,28036425.41,36981411.31,6504432.67,9330606.29,10133440.3,5085753.63,2669896.48,2493916.75,515572.02,247793.17,17.59,25.23,27.4,13.75,7.22,6.74,1.39,0.67
2024,9,2024-09-01,CAISO,California ISO,Western,46836908.76,58056557.2,12067413.99,16153202.86,4861763.01,7452534.94,9684543.32,6395666.8,922024.03,519408.25,20.79,27.82,8.37,12.84,16.68,11.02,1.59,0.89
2024,9,2024-09-01,ERCOT,ERCOT (Texas),South,67282201.35,79130791.75,16960530.64,24517356.59,8806269.82,19884723.35,5645392.76,1071918.5,1491751.41,752848.7,21.43,30.98,11.13,25.13,7.13,1.35,1.89,0.95
2024,9,2024-09-01,MISO,Midcontinent ISO,Midwest,148747850.88,151501044.53,37786373.54,43536585.97,18101526.29,23813203.42,13008797.66,10327327.22,3315401.97,1611828.46,24.94,28.74,11.95,15.72,8.59,6.82,2.19,1.06
2024,9,2024-09-01,PJM,Pennsylvania-Jersey-Maryland,Northeast,151683499.35,194045744.88,41184706.59,48358374.36,48080291.65,22876689.05,14816035.08,14271353.68,3141483.91,1316810.57,21.22,24.92,24.78,11.79,7.64,7.35,1.62,0.68
2024,9,2024-09-01,SPP,Southwest Power Pool,South-Central,114150711.44,143001915.89,31448874.39,34125849.01,12551525.52,33602050.9,25961057.19,1927270.05,2139976.71,1245312.11,21.99,23.86,8.78,23.5,18.15,1.35,1.5,0.87
2024,9,2024-09-01,WECC,Western Electricity Coordinating Council,Western,155112568.16,195646905.33,44687057.46,54752703.6,18541395.88,24379628.9,30120264.64,18453487.72,3324816.28,1387550.85,22.84,27.99,9.48,12.46,15.4,9.43,1.7,0.71
2024,9,2024-09-01,NY_ISO,New York ISO,Northeast,25770222.36,29453481.55,6338456.21,8213168.52,2766095.2,4583241.52,2652135.79,4163401.19,513381.49,223601.62,21.52,27.89,9.39,15.56,9.0,14.14,1.74,0.76
2024,9,2024-09-01,ISO_NE,ISO New England,Northeast,24248854.87,33092119.71,6989363.97,8269097.45,8887592.45,3602277.35,2101337.56,2481760.08,527612.93,233077.92,21.12,24.99,26.86,10.89,6.35,7.5,1.59,0.7
2024,10,2024-10-01,CAISO,California ISO,Western,44523459.94,55166958.77,12483321.62,13073853.1,4621325.17,7169642.59,9557555.97,6829042.97,929757.4,502459.95,22.63,23.7,8.38,13.0,17.32,12.38,1.69,0.91
2024,10,2024-10-01,ERCOT,ERCOT (Texas),South,62116423.97,70627210.17,18752978.02,19135266.4,7797819.08,17229235.94,4758118.24,985437.24,1292668.93,675686.31,26.55,27.09,11.04,24.39,6.74,1.4,1.83,0.96
2024,10,2024-10-01,MISO,Midcontinent ISO,Midwest,141351415.07,152341160.33,37733887.71,46561168.79,15186941.76,25158330.65,12519008.25,11172662.1,2674357.12,1334803.94,24.77,30.56,9.97,16.51,8.22,7.33,1.76,0.88
2024,10,2024-10-01,PJM,Pennsylvania-Jersey-Maryland,Northeast,166059842.87,226143672.57,49553457.02,60790635.0,58909649.76,24807251.64,14190254.44,12899555.83,3157806.49,1835062.41,21.91,26.88,26.05,10.97,6.27,5.7,1.4,0.81
2024,10,2024-10-01,SPP,Southwest Power Pool,South-Central,105489716.46,126112938.4,24159519.16,30511167.56,12316436.58,28814858.24,25207894.92,2128058.74,2043102.75,931900.45,19.16,24.19,9.77,22.85,19.99,1.69,1.62,0.74
2024,10,2024-10-01,WECC,Western Electricity Coordinating Council,Western,147810350.04,181872371.96,39126552.17,44810906.49,17783778.52,22321338.46,35645603.16,17535090.47,3057174.18,1591928.5,21.51,24.64,9.78,12.27,19.6,9.64,1.68,0.88
2024,10,2024-10-01,NY_ISO,New York ISO,Northeast,29057917.94,31552933.96,6714830.45,9795217.95,3324647.26,4430168.93,2862670.72,3507359.71,600376.73,317662.19,21.28,31.04,10.54,14.04,9.07,11.12,1.9,1.01
2024,10,2024-10-01,ISO_NE,ISO New England,Northeast,26617230.51,35670141.07,7141261.33,9815462.65,8396266.9,4705741.59,2431938.49,2302929.37,573210.44,303330.29,20.02,27.52,23.54,13.19,6.82,6.46,1.61,0.85
2024,11,2024-11-01,CAISO,California ISO,Western,47772305.66,61046193.51,13385660.04,16357732.66,5492937.14,8011257.02,9617187.24,6839831.41,822697.38,518890.61,21.93,26.8,9.0,13.12,15.75,11.2,1.35,0.85
2024,11,2024-11-01,ERCOT,ERCOT (Texas),South,59960218.64,74380951.18,17868089.25,21668393.03,7569087.45,18979462.67,4983176.71,1464458.25,1210144.25,638139.55,24.02,29.13,10.18,25.52,6.7,1.97,1.63,0.86
2024,11,2024-11-01,MISO,Midcontinent ISO,Midwest,146617035.64,151577858.11,43861317.99,42987789.49,17172329.33,20673613.41,12251396.44,9955801.11,3173925.66,1501684.67,28.94,28.36,11.33,13.64,8.08,6.57,2.09,0.99
2024,11,2024-11-01,PJM,Pennsylvania-Jersey-Maryland,Northeast,152380837.87,200115490.01,39213584.09,46983800.37,56540293.85,21991365.66,15291923.03,15565578.28,3126971.49,1401973.24,19.6,23.48,28.25,10.99,7.64,7.78,1.56,0.7
2024,11,2024-11-01,SPP,Southwest Power Pool,South-Central,105536220.17,149959492.86,29384192.26,38790158.93,13932053.76,35871702.16,26299449.64,2387520.42,2198485.38,1095930.31,19.59,25.87,9.29,23.92,17.54,1.59,1.47,0.73
2024,11,2024-11-01,WECC,Western Electricity Coordinating Council,Western,168516540.47,203802658.57,44730322.19,52048003.38,17283366.5,23887922.14,32883910.87,27882672.11,3528650.24,1557811.15,21.95,25.54,8.48,11.72,16.14,13.68,1.73,0.76
2024,11,2024-11-01,NY_ISO,New York ISO,Northeast,27964539.03,32573635.86,8149692.94,8822458.41,3478237.99,4999649.15,2271707.76,3941091.31,633821.69,276976.62,25.02,27.08,10.68,15.35,6.97,12.1,1.95,0.85
2024,11,2024-11-01,ISO_NE,ISO New England,Northeast,24555667.13,31600653.37,6398251.78,8288386.12,7380191.26,3893800.06,2457003.02,2375282.45,529298.13,278440.55,20.25,26.23,23.35,12.32,7.78,7.52,1.67,0.88
2024,12,2024-12-01,CAISO,California ISO,Western,52442411.54,67469884.95,13744901.67,18781649.7,6749620.51,9279333.24,11343540.35,6210961.35,897001.1,462877.01,20.37,27.84,10.0,13.75,16.81,9.21,1.33,0.69
2024,12,2024-12-01,ERCOT,ERCOT (Texas),South,72953680.63,90214077.37,22172513.39,21950804.89,9953092.18,25610088.11,6944609.71,1522517.74,1395804.88,664646.48,24.58,24.33,11.03,28.39,7.7,1.69,1.55,0.74
2024,12,2024-12-01,MISO,Midcontinent ISO,Midwest,137818611.81,142561596.24,38259936.9,39434700.89,14748665.16,23150472.23,11430202.53,11497757.7,2750812.66,1289048.17,26.84,27.66,10.35,16.24,8.02,8.07,1.93,0.9
2024,12,2024-12-01,PJM,Pennsylvania-Jersey-Maryland,Northeast,166165463.73,224348460.23,41052613.29,57477364.34,65150245.46,28347161.39,13433626.51,14141165.61,3333684.6,1412599.03,18.3,25.62,29.04,12.64,5.99,6.3,1.49,0.63
2024,12,2024-12-01,SPP,Southwest Power Pool,South-Central,109634786.29,144067048.89,26676356.9,33259722.63,12651972.81,38556445.44,26835976.13,2737381.86,2227926.2,1121266.91,18.52,23.09,8.78,26.76,18.63,1.9,1.55,0.78
2024,12,2024-12-01,WECC,Western Electricity Coordinating Council,Western,180127533.24,224988384.09,48610720.07,52329857.46,24716441.29,32394802.29,36902959.69,24362893.96,4065625.3,1605084.04,21.61,23.26,10.99,14.4,16.4,10.83,1.81,0.71
2024,12,2024-12-01,NY_ISO,New York ISO,Northeast,26702221.22,29679345.96,6364025.3,8172714.63,2885731.43,4664118.49,2268333.04,4541210.02,507328.88,275884.16,21.44,27.54,9.72,15.72,7.64,15.3,1.71,0.93
2024,12,2024-12-01,ISO_NE,ISO New England,Northeast,27464285.51,38090698.65,6925392.16,9757022.78,10479431.89,4595394.25,2798104.13,2665526.16,628413.55,241413.73,18.18,25.62,27.51,12.06,7.35,7.0,1.65,0.63
2025,1,2025-01-01,CAISO,California ISO,Western,63753004.27,78894168.69,15361369.0,19324362.78,8029811.95,11145629.25,13407135.13,9803973.61,1208192.08,613694.88,19.47,24.49,10.18,14.13,16.99,12.43,1.53,0.78
2025,1,2025-01-01,ERCOT,ERCOT (Texas),South,76424727.87,87027912.84,19854075.17,23498727.5,7889911.61,25518767.1,6865030.72,1241456.32,1426361.8,733582.61,22.81,27.0,9.07,29.32,7.89,1.43,1.64,0.84
2025,1,2025-01-01,MISO,Midcontinent ISO,Midwest,180373484.37,190377797.72,47483689.47,57067541.69,19467135.52,26734213.82,18721520.96,15497331.29,3828877.87,1577487.08,24.94,29.98,10.23,14.04,9.83,8.14,2.01,0.83
2025,1,2025-01-01,PJM,Pennsylvania-Jersey-Maryland,Northeast,210781155.88,272973620.39,56200237.57,68377724.45,66719609.69,34989680.9,23948075.08,15929687.06,4514487.27,2294118.37,20.59,25.05,24.44,12.82,8.77,5.84,1.65,0.84
2025,1,2025-01-01,SPP,Southwest Power Pool,South-Central,128742066.93,169013804.35,28612066.67,44886717.37,16859607.86,44638299.14,27822790.83,2493332.58,2224866.1,1476123.8,16.93,26.56,9.98,26.41,16.46,1.48,1.32,0.87
2025,1,2025-01-01,WECC,Western Electricity Coordinating Council,Western,221427517.69,299254891.23,55822377.21,80193720.57,25664076.55,40129761.85,56876997.78,34277931.84,4002934.16,2287091.28,18.65,26.8,8.58,13.41,19.01,11.45,1.34,0.76
2025,1,2025-01-01,NY_ISO,New York ISO,Northeast,37980399.17,47471871.92,10930740.99,12668713.56,4686191.01,7285183.42,3429725.17,7223017.41,824618.41,423681.97,23.03,26.69,9.87,15.35,7.22,15.22,1.74,0.89
2025,1,2025-01-01,ISO_NE,ISO New England,Northeast,33635566.94,47203715.63,9032160.5,11942962.53,12292706.21,6130494.46,3727332.02,3063938.85,645652.79,368468.27,19.13,25.3,26.04,12.99,7.9,6.49,1.37,0.78
2025,2,2025-02-01,CAISO,California ISO,Western,45611176.17,57995992.06,11067898.73,14491413.58,5724107.04,8328061.64,10785337.99,6218031.72,899441.22,481700.14,19.08,24.99,9.87,14.36,18.6,10.72,1.55,0.83
2025,2,2025-02-01,ERCOT,ERCOT (Texas),South,66209503.36,82737565.13,18207285.86,24914220.56,8763219.65,21643830.7,5834501.12,1332617.94,1431452.51,610436.78,22.01,30.11,10.59,26.16,7.05,1.61,1.73,0.74
2025,2,2025-02-01,MISO,Midcontinent ISO,Midwest,147479409.36,168856757.85,42755746.0,54609027.0,16567779.73,24771817.88,15978063.33,10060767.08,2675509.25,1438047.59,25.32,32.34,9.81,14.67,9.46,5.96,1.58,0.85
2025,2,2025-02-01,PJM,Pennsylvania-Jersey-Maryland,Northeast,141785414.4,192023414.48,35479224.01,45307601.73,54248910.61,27550707.18,12557069.9,12392867.19,2942735.05,1544298.83,18.48,23.59,28.25,14.35,6.54,6.45,1.53,0.8
2025,2,2025-02-01,SPP,Southwest Power Pool,South-Central,100817305.97,126013524.7,22020525.15,30533479.53,11130962.39,29108824.47,28100310.46,1874444.57,2148011.94,1096966.2,17.47,24.23,8.83,23.1,22.3,1.49,1.7,0.87
2025,2,2025-02-01,WECC,Western Electricity Coordinating Council,Western,147945616.29,198025271.63,41029411.51,45217324.25,17377621.28,28686432.3,39699408.55,21276957.09,3252910.57,1485206.09,20.72,22.83,8.78,14.49,20.05,10.74,1.64,0.75
2025,2,2025-02-01,NY_ISO,New York ISO,Northeast,29122837.52,34999727.37,8059983.31,9998010.7,3331056.68,4837572.28,2598520.9,5222347.86,631700.43,320535.21,23.03,28.57,9.52,13.82,7.42,14.92,1.8,0.92
2025,2,2025-02-01,ISO_NE,ISO New England,Northeast,25065075.44,33124299.95,7305916.94,7448478.11,8658117.69,4411306.02,2297267.49,2233344.56,485564.53,284304.62,22.06,22.49,26.14,13.32,6.94,6.74,1.47,0.86
2025,3,2025-03-01,CAISO,California ISO,Western,48817509.99,62071077.01,12325836.86,17107965.19,5886595.53,8846516.68,10918658.06,5436923.83,1119463.53,429117.34,19.86,27.56,9.48,14.25,17.59,8.76,1.8,0.69
2025,3,2025-03-01,ERCOT,ERCOT (Texas),South,67750852.67,84273573.42,17579221.62,22761917.83,8666923.84,25506553.17,6197670.85,1629988.5,1165661.91,765635.71,20.86,27.01,10.28,30.27,7.35,1.93,1.38,0.91
2025,3,2025-03-01,MISO,Midcontinent ISO,Midwest,147559432.17,163924337.95,36402086.51,53514173.48,16456998.89,27553811.27,13513217.18,12648296.08,2527352.99,1308401.56,22.21,32.65,10.04,16.81,8.24,7.72,1.54,0.8
2025,3,2025-03-01,PJM,Pennsylvania-Jersey-Maryland,Northeast,174788968.04,235819265.05,43265688.1,61155245.36,66801372.89,29548315.94,15543058.94,14252784.9,3743737.96,1509060.96,18.35,25.93,28.33,12.53,6.59,6.04,1.59,0.64
2025,3,2025-03-01,SPP,Southwest Power Pool,South-Central,115061464.39,157629441.5,29843509.08,43210174.14,13881624.92,33594164.11,31269550.13,2439586.42,2201312.41,1189520.29,18.93,27.41,8.81,21.31,19.84,1.55,1.4,0.75
2025,3,2025-03-01,WECC,Western Electricity Coordinating Council,Western,168947665.88,227707533.67,39240406.61,65870183.06,18380354.79,31926132.6,41791120.11,25557753.68,3219101.15,1722481.67,17.23,28.93,8.07,14.02,18.35,11.22,1.41,0.76
2025,3,2025-03-01,NY_ISO,New York ISO,Northeast,27530057.85,35218481.35,7871484.43,10205908.11,3691889.15,4706792.66,3070431.83,4829330.0,567987.22,274657.95,22.35,28.98,10.48,13.36,8.72,13.71,1.61,0.78
2025,3,2025-03-01,ISO_NE,ISO New England,Northeast,28824635.43,37188332.09,8187075.46,9656479.25,8761364.34,4664086.98,2788222.06,2319505.1,514413.36,297185.53,22.02,25.97,23.56,12.54,7.5,6.24,1.38,0.8
2025,4,2025-04-01,CAISO,California ISO,Western,46907649.17,58999915.1,11483680.84,15584842.29,5770611.57,8711959.93,10613025.58,5590509.46,839221.24,406064.19,19.46,26.42,9.78,14.77,17.99,9.48,1.42,0.69
2025,4,2025-04-01,ERCOT,ERCOT (Texas),South,64686805.66,76210804.66,17742976.16,20720954.2,7287430.23,20225968.25,6733472.25,1583593.6,1298497.82,617912.14,23.28,27.19,9.56,26.54,8.84,2.08,1.7,0.81
2025,4,2025-04-01,MISO,Midcontinent ISO,Midwest,137581073.04,151508511.48,33331525.31,48368109.82,17618952.74,24277660.16,11710457.17,12033796.82,2620305.36,1547704.11,22.0,31.92,11.63,16.02,7.73,7.94,1.73,1.02
2025,4,2025-04-01,PJM,Pennsylvania-Jersey-Maryland,Northeast,162976015.93,218307826.58,39590437.35,62412741.16,56464194.7,26556376.66,16913224.14,11342904.82,3564851.4,1463096.34,18.14,28.59,25.86,12.16,7.75,5.2,1.63,0.67
2025,4,2025-04-01,SPP,Southwest Power Pool,South-Central,120901497.06,162777729.96,28058631.83,43869826.24,12468671.8,42631188.87,29935464.55,2282405.77,2184234.03,1347306.86,17.24,26.95,7.66,26.19,18.39,1.4,1.34,0.83
2025,4,2025-04-01,WECC,Western Electricity Coordinating Council,Western,150861262.21,193100276.26,40853171.43,44146747.46,17913669.44,28913406.58,34308040.28,21932482.51,3388398.76,1644359.81,21.16,22.86,9.28,14.97,17.77,11.36,1.75,0.85
2025,4,2025-04-01,NY_ISO,New York ISO,Northeast,29598255.59,35451201.15,7138086.62,11034441.33,3067114.12,4954014.87,3204045.81,5226796.68,534577.83,292123.88,20.13,31.13,8.65,13.97,9.04,14.74,1.51,0.82
2025,4,2025-04-01,ISO_NE,ISO New England,Northeast,26253051.84,34624548.06,6176418.02,9999558.85,8921053.94,4045826.79,2626972.91,2050761.87,522483.34,281472.33,17.84,28.88,25.77,11.68,7.59,5.92,1.51,0.81
2025,5,2025-05-01,CAISO,California ISO,Western,51647440.89,65753964.12,13746656.18,15325075.38,5324363.77,8644531.72,13345554.92,7814394.26,972297.16,581090.73,20.91,23.31,8.1,13.15,20.3,11.88,1.48,0.88
2025,5,2025-05-01,ERCOT,ERCOT (Texas),South,72510685.49,88601949.8,17630751.28,26243362.19,7570785.18,25683527.01,7378045.06,1777791.7,1591854.99,725832.4,19.9,29.62,8.54,28.99,8.33,2.01,1.8,0.82
2025,5,2025-05-01,MISO,Midcontinent ISO,Midwest,160567804.7,167969811.18,39017723.24,49783679.31,18267333.87,27087992.17,15981460.05,12662930.69,3627492.69,1541199.14,23.23,29.64,10.88,16.13,9.51,7.54,2.16,0.92
2025,5,2025-05-01,PJM,Pennsylvania-Jersey-Maryland,Northeast,149870423.66,206213494.82,38529704.86,52794375.69,54279301.27,26769840.97,16499816.35,12761240.34,2972496.42,1606718.92,18.68,25.6,26.32,12.98,8.0,6.19,1.44,0.78
2025,5,2025-05-01,SPP,Southwest Power Pool,South-Central,126733898.96,164149583.87,28106079.11,41036486.13,15483295.58,43071002.43,28961816.48,3327501.86,2786071.33,1377330.96,17.12,25.0,9.43,26.24,17.64,2.03,1.7,0.84
2025,5,2025-05-01,WECC,Western Electricity Coordinating Council,Western,167303066.9,219282858.05,42091880.18,59976991.33,17416772.59,32374107.05,37312263.59,24884515.67,3579747.19,1646580.45,19.2,27.35,7.94,14.76,17.02,11.35,1.63,0.75
2025,5,2025-05-01,NY_ISO,New York ISO,Northeast,27711275.9,33400582.2,6138482.58,10812098.23,2902434.41,4790366.95,2520058.86,5379228.79,565859.24,292053.15,18.38,32.37,8.69,14.34,7.54,16.11,1.69,0.87
2025,5,2025-05-01,ISO_NE,ISO New England,Northeast,25798371.24,36588326.12,6298505.89,9739216.1,10129563.7,4721657.89,2685275.07,2182331.44,547398.07,284377.98,17.21,26.62,27.69,12.9,7.34,5.96,1.5,0.78
2025,6,2025-06-01,CAISO,California ISO,Western,45794533.36,58157004.75,12303688.8,13733040.95,5164490.65,8115152.94,9979090.77,7357038.45,1039519.27,464982.92,21.16,23.61,8.88,13.95,17.16,12.65,1.79,0.8
2025,6,2025-06-01,ERCOT,ERCOT (Texas),South,68507855.03,81270207.94,17005524.71,23188263.73,9138050.01,20611099.59,7694957.26,1437460.05,1476389.52,718463.07,20.92,28.53,11.24,25.36,9.47,1.77,1.82,0.88
2025,6,2025-06-01,MISO,Midcontinent ISO,Midwest,144487497.57,162376010.87,40676187.0,46291222.84,18377763.33,28079214.6,12854046.5,11981747.56,2544107.7,1571721.35,25.05,28.51,11.32,17.29,7.92,7.38,1.57,0.97
2025,6,2025-06-01,PJM,Pennsylvania-Jersey-Maryland,Northeast,144474545.84,201556093.97,42068068.97,49593155.39,55870203.67,23812186.35,13128128.27,12858079.18,2816496.48,1409775.66,20.87,24.61,27.72,11.81,6.51,6.38,1.4,0.7
2025,6,2025-06-01,SPP,Southwest Power Pool,South-Central,120972453.02,160558515.61,33199115.57,44900732.39,15183568.29,34675680.53,26607057.04,2389601.39,2252452.65,1350307.75,20.68,27.97,9.46,21.6,16.57,1.49,1.4,0.84
2025,6,2025-06-01,WECC,Western Electricity Coordinating Council,Western,147735475.87,188395790.26,33618829.7,46839675.31,17955339.71,25963274.3,38517086.01,20720781.42,3290873.82,1489929.99,17.84,24.86,9.53,13.78,20.44,11.0,1.75,0.79
2025,6,2025-06-01,NY_ISO,New York ISO,Northeast,29663526.75,37478899.79,8435149.47,11037541.64,3979297.92,5073117.34,3186175.81,4861033.75,640599.44,265984.42,22.51,29.45,10.62,13.54,8.5,12.97,1.71,0.71
2025,6,2025-06-01,ISO_NE,ISO New England,Northeast,26663775.06,32120485.42,6007680.51,8356213.14,8061404.86,4327386.01,2686029.0,1896796.45,536983.35,247992.1,18.7,26.02,25.1,13.47,8.36,5.91,1.67,0.77
2025,7,2025-07-01,CAISO,California ISO,Western,60852770.37,79116787.81,15634156.64,22679755.67,6447556.92,11192417.73,13376619.88,7767699.39,1323437.06,695144.53,19.76,28.67,8.15,14.15,16.91,9.82,1.67,0.88
2025,7,2025-07-01,ERCOT,ERCOT (Texas),South,75767734.67,88187652.04,17037753.98,26902793.71,9759037.47,23599126.52,6668401.33,1919873.24,1542191.39,758474.39,19.32,30.51,11.07,26.76,7.56,2.18,1.75,0.86
2025,7,2025-07-01,MISO,Midcontinent ISO,Midwest,179172068.23,197636407.85,48456873.64,60807185.47,19485089.46,30507871.95,20056556.77,12735798.57,3844967.42,1742064.57,24.52,30.77,9.86,15.44,10.15,6.44,1.95,0.88
2025,7,2025-07-01,PJM,Pennsylvania-Jersey-Maryland,Northeast,200937831.3,265557188.52,47158980.6,63213097.2,79189592.08,38107159.78,17749959.72,13809339.78,4445254.04,1883805.31,17.76,23.8,29.82,14.35,6.68,5.2,1.67,0.71
2025,7,2025-07-01,SPP,Southwest Power Pool,South-Central,135486818.89,184296380.86,36261186.7,45224472.52,17348903.39,48017528.92,31310945.49,1978748.3,2817580.49,1337015.06,19.68,24.54,9.41,26.05,16.99,1.07,1.53,0.73
2025,7,2025-07-01,WECC,Western Electricity Coordinating Council,Western,218122400.04,294506423.13,58463487.2,74593839.09,28008238.59,36702308.67,50590222.54,39675732.04,4543144.83,1929450.16,19.85,25.33,9.51,12.46,17.18,13.47,1.54,0.66
2025,7,2025-07-01,NY_ISO,New York ISO,Northeast,32865690.62,39961390.26,8975520.31,12567654.58,4129460.88,5087201.38,3204757.67,4981197.54,719064.23,296533.66,22.46,31.45,10.33,12.73,8.02,12.47,1.8,0.74
2025,7,2025-07-01,ISO_NE,ISO New England,Northeast,36675417.67,46948888.54,8377905.99,10764140.06,13958290.54,5672255.27,3780702.15,3206258.86,790154.09,399181.57,17.84,22.93,29.73,12.08,8.05,6.83,1.68,0.85
2025,8,2025-08-01,CAISO,California ISO,Western,55077477.22,66305945.78,12277645.65,16068072.76,6082962.14,9840165.7,13619591.38,6883728.91,1050184.38,483594.86,18.52,24.23,9.17,14.84,20.54,10.38,1.58,0.73
2025,8,2025-08-01,ERCOT,ERCOT (Texas),South,71935552.45,82583688.16,18077303.04,23048927.6,8520127.95,22269529.64,7126227.3,1361923.26,1493642.1,686007.26,21.89,27.91,10.32,26.97,8.63,1.65,1.81,0.83
2025,8,2025-08-01,MISO,Midcontinent ISO,Midwest,158937167.14,168991295.81,38158918.83,53271544.83,17925466.15,27859137.45,14598497.48,12583459.32,3196812.82,1397458.93,22.58,31.52,10.61,16.49,8.64,7.45,1.89,0.83
2025,8,2025-08-01,PJM,Pennsylvania-Jersey-Maryland,Northeast,154256827.42,210241237.45,40841917.73,58645693.41,54231696.44,26123707.3,14303091.85,11386129.15,3257930.23,1451071.34,19.43,27.89,25.79,12.43,6.8,5.42,1.55,0.69
2025,8,2025-08-01,SPP,Southwest Power Pool,South-Central,127219551.94,169217554.22,31354661.81,43113025.49,17538175.63,43637169.45,27966783.64,2094213.84,2212347.75,1301176.61,18.53,25.48,10.36,25.79,16.53,1.24,1.31,0.77
2025,8,2025-08-01,WECC,Western Electricity Coordinating Council,Western,156786514.74,193843901.77,40967372.5,48311637.09,16018275.25,29971085.04,35428595.43,18822633.14,2785950.36,1538352.96,21.13,24.92,8.26,15.46,18.28,9.71,1.44,0.79
2025,8,2025-08-01,NY_ISO,New York ISO,Northeast,29511937.27,35801732.68,8656527.53,10690003.58,3240888.64,4817042.62,3238831.02,4311405.57,510084.36,336949.36,24.18,29.86,9.05,13.45,9.05,12.04,1.42,0.94
2025,8,2025-08-01,ISO_NE,ISO New England,Northeast,25492475.85,35325103.03,5919176.4,9750973.3,9388569.17,4899927.92,2450771.15,2249977.55,445621.75,220085.79,16.76,27.6,26.58,13.87,6.94,6.37,1.26,0.62
2025,9,2025-09-01,CAISO,California ISO,Western,45327064.36,59795146.15,12612268.38,15919852.07,5391817.58,8768798.04,9681891.0,6021281.45,936313.57,462924.06,21.09,26.62,9.02,14.66,16.19,10.07,1.57,0.77
2025,9,2025-09-01,ERCOT,ERCOT (Texas),South,62251462.04,74470023.81,16208925.6,20285585.43,8253702.54,21249211.18,5692211.5,1060668.72,1145710.24,574008.59,21.77,27.24,11.08,28.53,7.64,1.42,1.54,0.77
2025,9,2025-09-01,MISO,Midcontinent ISO,Midwest,161217697.49,176409725.25,36361632.07,52334229.96,21502079.23,28044445.55,17997642.93,15631725.38,2987849.7,1550120.42,20.61,29.67,12.19,15.9,10.2,8.86,1.69,0.88
2025,9,2025-09-01,PJM,Pennsylvania-Jersey-Maryland,Northeast,169018997.53,205018356.72,42450246.26,49848652.42,51195192.8,24454669.95,17410877.64,14375826.63,3430723.42,1852167.6,20.71,24.31,24.97,11.93,8.49,7.01,1.67,0.9
2025,9,2025-09-01,SPP,Southwest Power Pool,South-Central,107503301.15,141864095.19,30454238.99,34384066.3,12231782.65,36109314.3,22745879.95,2583320.83,2336268.14,1019224.04,21.47,24.24,8.62,25.45,16.03,1.82,1.65,0.72
2025,9,2025-09-01,WECC,Western Electricity Coordinating Council,Western,159821857.79,212502379.6,35529810.63,61156837.3,16542407.74,29095060.14,37536188.94,27312252.24,3659269.5,1670553.12,16.72,28.78,7.78,13.69,17.66,12.85,1.72,0.79
2025,9,2025-09-01,NY_ISO,New York ISO,Northeast,29886191.91,36588809.77,7545615.22,10490144.27,4021955.59,5443635.81,3120490.95,5097152.98,569469.49,300345.47,20.62,28.67,10.99,14.88,8.53,13.93,1.56,0.82
2025,9,2025-09-01,ISO_NE,ISO New England,Northeast,27916587.89,34220107.36,6395012.03,8713954.64,9376103.68,4219871.53,2898142.43,1819538.9,541740.82,255743.33,18.69,25.46,27.4,12.33,8.47,5.32,1.58,0.75
2025,10,2025-10-01,CAISO,California ISO,Western,50366885.06,65223822.88,12839144.81,14661145.39,5709846.22,9428403.83,11913763.49,9098182.82,995160.58,578175.76,19.68,22.48,8.75,14.46,18.27,13.95,1.53,0.89
2025,10,2025-10-01,ERCOT,ERCOT (Texas),South,68607606.71,87978163.53,18733141.78,23865397.65,8618996.99,25747786.28,7677619.31,1284099.45,1355610.15,695511.92,21.29,27.13,9.8,29.27,8.73,1.46,1.54,0.79
2025,10,2025-10-01,MISO,Midcontinent ISO,Midwest,156445159.86,167349028.11,37272882.32,53080689.87,16664600.37,29196842.87,13713132.34,12726036.4,2925839.2,1769004.75,22.27,31.72,9.96,17.45,8.19,7.6,1.75,1.06
2025,10,2025-10-01,PJM,Pennsylvania-Jersey-Maryland,Northeast,150570989.25,203156758.55,41092619.73,49181348.53,53979639.36,27770970.09,16101755.32,10619906.74,2895831.4,1514687.4,20.23,24.21,26.57,13.67,7.93,5.23,1.43,0.75
2025,10,2025-10-01,SPP,Southwest Power Pool,South-Central,114493250.94,156282875.87,30249599.95,42854683.77,15293924.06,34098770.67,27754675.95,2439460.73,2604638.85,987121.91,19.36,27.42,9.79,21.82,17.76,1.56,1.67,0.63
2025,10,2025-10-01,WECC,Western Electricity Coordinating Council,Western,166520405.24,233534178.08,46928252.25,63514651.4,17802947.15,27155374.46,45847308.81,27193448.22,3671966.1,1420229.7,20.09,27.2,7.62,11.63,19.63,11.64,1.57,0.61
2025,10,2025-10-01,NY_ISO,New York ISO,Northeast,26680837.33,32236977.26,6278934.87,9282633.33,3506727.03,4703929.28,2477060.09,5136356.59,606352.9,244983.17,19.48,28.79,10.88,14.59,7.68,15.93,1.88,0.76
2025,10,2025-10-01,ISO_NE,ISO New England,Northeast,28465609.89,37215232.01,6497187.52,10683687.6,9313265.21,4918283.99,2845039.86,2106749.85,563337.31,287680.67,17.46,28.71,25.03,13.22,7.64,5.66,1.51,0.77
2025,11,2025-11-01,CAISO,California ISO,Western,45232474.75,61843634.0,11938004.53,16269939.94,6166159.83,7027952.88,11240458.96,7719478.9,999527.03,482111.92,19.3,26.31,9.97,11.36,18.18,12.48,1.62,0.78
2025,11,2025-11-01,ERCOT,ERCOT (Texas),South,66517223.31,77795939.55,18543976.1,19758137.09,6915510.96,23287384.14,6201393.59,1284644.48,1178984.33,625908.86,23.84,25.4,8.89,29.93,7.97,1.65,1.52,0.8
2025,11,2025-11-01,MISO,Midcontinent ISO,Midwest,134270231.83,142082144.21,30271253.6,42577455.3,15937947.46,22760794.22,14379705.63,11971261.3,2924400.85,1259325.85,21.31,29.97,11.22,16.02,10.12,8.43,2.06,0.89
2025,11,2025-11-01,PJM,Pennsylvania-Jersey-Maryland,Northeast,149442944.94,198763738.54,37668881.55,53443897.04,46479985.52,28433659.88,16980049.05,11563013.75,2821158.84,1373092.92,18.95,26.89,23.38,14.31,8.54,5.82,1.42,0.69
2025,11,2025-11-01,SPP,Southwest Power Pool,South-Central,123499690.89,172161780.67,35811449.52,41803127.53,13813636.67,41877919.31,32622119.15,2222303.57,2648823.89,1362401.03,20.8,24.28,8.02,24.32,18.95,1.29,1.54,0.79
2025,11,2025-11-01,WECC,Western Electricity Coordinating Council,Western,150917215.18,210156417.17,39784516.01,57838933.39,18000494.62,22800069.69,39636058.65,27631152.3,2865729.06,1599463.45,18.93,27.52,8.57,10.85,18.86,13.15,1.36,0.76
2025,11,2025-11-01,NY_ISO,New York ISO,Northeast,29663398.72,34022012.33,7499899.38,10781764.46,3377576.02,5265309.58,2876387.75,3280296.31,603094.76,337684.07,22.04,31.69,9.93,15.48,8.45,9.64,1.77,0.99
2025,11,2025-11-01,ISO_NE,ISO New England,Northeast,26134178.13,36722796.69,7580538.64,9848417.53,9739129.43,3888621.19,2690432.73,2237083.2,501895.0,236678.96,20.64,26.82,26.52,10.59,7.33,6.09,1.37,0.64
2025,12,2025-12-01,CAISO,California ISO,Western,54718749.47,67732708.9,11910819.69,17206782.65,6060182.41,8669610.75,14637472.49,7628604.8,998840.7,620395.4,17.59,25.4,8.95,12.8,21.61,11.26,1.47,0.92
2025,12,2025-12-01,ERCOT,ERCOT (Texas),South,66432309.67,81297376.46,15386313.9,24069892.87,7354083.4,23808660.43,7554861.18,1333921.31,1175465.65,614177.72,18.93,29.61,9.05,29.29,9.29,1.64,1.45,0.76
2025,12,2025-12-01,MISO,Midcontinent ISO,Midwest,145673093.02,160282562.09,39786783.24,47720836.85,15858296.04,24914570.65,15338422.47,12700152.17,2613500.18,1350000.48,24.82,29.77,9.89,15.54,9.57,7.92,1.63,0.84
2025,12,2025-12-01,PJM,Pennsylvania-Jersey-Maryland,Northeast,146301504.66,186263323.12,32013412.43,56908138.54,44518599.79,22343405.01,15849129.36,10736535.09,2597830.5,1296272.4,17.19,30.55,23.9,12.0,8.51,5.76,1.39,0.7
2025,12,2025-12-01,SPP,Southwest Power Pool,South-Central,111723370.93,139645113.04,24902026.68,32368249.1,13789105.02,32739351.91,30223128.64,2198648.43,2175832.27,1248771.01,17.83,23.18,9.87,23.44,21.64,1.57,1.56,0.89
2025,12,2025-12-01,WECC,Western Electricity Coordinating Council,Western,160510797.44,223811844.76,43663605.87,57637502.5,19275114.92,25217772.78,45074959.82,27630217.29,3549865.75,1762805.83,19.51,25.75,8.61,11.27,20.14,12.35,1.59,0.79
2025,12,2025-12-01,NY_ISO,New York ISO,Northeast,30570881.73,35158044.54,7298649.93,10208061.95,3477342.38,4793212.15,2997970.08,5363922.41,668743.22,350142.42,20.76,29.03,9.89,13.63,8.53,15.26,1.9,1.0
2025,12,2025-12-01,ISO_NE,ISO New England,Northeast,27199755.9,34529208.28,7185444.49,8387322.97,8723086.51,4254857.72,2731419.55,2460861.74,505284.33,280930.98,20.81,24.29,25.26,12.32,7.91,7.13,1.46,0.81
